timestamp_ct,timestamp_utc,camera_name,folder,filepath,size_bytes,md5,status,notes
2026-05-21 12:18:38 CT,2026-05-21 17:18:38 UTC,IH35E @ Valley Ridge,IH35E-Valley-Ridge,images/IH35E-Valley-Ridge/2026-05-21/IH35E-Valley-Ridge_20260521_121838.jpg,214378,d71b4a3532d6f016a07e7be8821cd932,captured,
2026-05-21 12:18:38 CT,2026-05-21 17:18:38 UTC,IH35E @ Valley Ridge North,IH35E-Valley-Ridge-North,images/IH35E-Valley-Ridge-North/2026-05-21/IH35E-Valley-Ridge-North_20260521_121838.jpg,214378,d71b4a3532d6f016a07e7be8821cd932,captured,
2026-05-21 13:13:16 CT,2026-05-21 18:13:16 UTC,DAL,IH35E @ Valley Ridge,DAL-IH35E-Valley-Ridge,images/DAL-IH35E-Valley-Ridge/2026-05-21/DAL-IH35E-Valley-Ridge_20260521_131316.jpg,207987,f7be97d8cf679836228a1b1e4a60a215,captured,
2026-05-21 13:13:16 CT,2026-05-21 18:13:16 UTC,DAL,IH35E @ Valley Ridge North,DAL-IH35E-Valley-Ridge-North,images/DAL-IH35E-Valley-Ridge-North/2026-05-21/DAL-IH35E-Valley-Ridge-North_20260521_131316.jpg,207987,f7be97d8cf679836228a1b1e4a60a215,captured,
2026-05-21 13:13:16 CT,2026-05-21 18:13:16 UTC,AUS,LP-1 @ Steck Ave,AUS-MoPac-Steck,images/AUS-MoPac-Steck/2026-05-21/AUS-MoPac-Steck_20260521_131316.jpg,21600,893d46595f1d380dac76f15d4ff437e7,captured,
2026-05-21 13:13:16 CT,2026-05-21 18:13:16 UTC,HOU,US-290 Northwest @ Gessner (W),HOU-US290-Gessner-W,images/HOU-US290-Gessner-W/2026-05-21/HOU-US290-Gessner-W_20260521_131316.jpg,566861,56bf6fd16a085304c20fd88f0076dfd8,captured,
2026-05-21 13:13:16 CT,2026-05-21 18:13:16 UTC,HOU,US-290 Northwest @ Little York,HOU-US290-LittleYork,images/HOU-US290-LittleYork/2026-05-21/HOU-US290-LittleYork_20260521_131316.jpg,566861,56bf6fd16a085304c20fd88f0076dfd8,captured,
2026-05-21 13:13:16 CT,2026-05-21 18:13:16 UTC,HOU,IH-10 Katy @ SH 6 (W),HOU-Katy-ML-SH6-W,images/HOU-Katy-ML-SH6-W/2026-05-21/HOU-Katy-ML-SH6-W_20260521_131316.jpg,566861,56bf6fd16a085304c20fd88f0076dfd8,captured,
2026-05-21 13:13:16 CT,2026-05-21 18:13:16 UTC,HOU,US-290 Northwest @ Cypress Rosehill,HOU-US290-CypressRosehill,images/HOU-US290-CypressRosehill/2026-05-21/HOU-US290-CypressRosehill_20260521_131316.jpg,566861,56bf6fd16a085304c20fd88f0076dfd8,captured,
2026-05-21 13:13:16 CT,2026-05-21 18:13:16 UTC,SAT,US 281 at Sprucewood,SAT-US281-Sprucewood,images/SAT-US281-Sprucewood/2026-05-21/SAT-US281-Sprucewood_20260521_131316.jpg,82638,d98b870e9081057f96de311f2f97d393,captured,
2026-05-21 13:13:16 CT,2026-05-21 18:13:16 UTC,FTW,IH35W @ Golden Triangle,FTW-IH35W-GoldenTriangle,images/FTW-IH35W-GoldenTriangle/2026-05-21/FTW-IH35W-GoldenTriangle_20260521_131316.jpg,49528,1544e5cc87a83e4aa2e0521188eb2368,captured,
2026-05-21 13:40:11 CT,2026-05-21 18:40:11 UTC,DAL,IH35E @ Valley Ridge,DAL-IH35E-Valley-Ridge,images/DAL-IH35E-Valley-Ridge/2026-05-21/DAL-IH35E-Valley-Ridge_20260521_134011.jpg,206833,22585deabd98fda1e81e8e549ad526ff,captured,
2026-05-21 13:40:11 CT,2026-05-21 18:40:11 UTC,DAL,IH35E @ Valley Ridge North,DAL-IH35E-Valley-Ridge-North,images/DAL-IH35E-Valley-Ridge-North/2026-05-21/DAL-IH35E-Valley-Ridge-North_20260521_134011.jpg,206833,22585deabd98fda1e81e8e549ad526ff,captured,
2026-05-21 13:40:11 CT,2026-05-21 18:40:11 UTC,AUS,LP-1 @ Steck Ave,AUS-MoPac-Steck,images/AUS-MoPac-Steck/2026-05-21/AUS-MoPac-Steck_20260521_134011.jpg,22876,c5a5e469c6cf07b3654fb308ca9070cc,captured,
2026-05-21 13:40:11 CT,2026-05-21 18:40:11 UTC,HOU,US-290 Northwest @ Gessner (W),HOU-US290-Gessner-W,images/HOU-US290-Gessner-W/2026-05-21/HOU-US290-Gessner-W_20260521_134011.jpg,570591,e9c0d44435eda5aece016946aacec3e2,captured,
2026-05-21 13:40:11 CT,2026-05-21 18:40:11 UTC,HOU,US-290 Northwest @ Little York,HOU-US290-LittleYork,images/HOU-US290-LittleYork/2026-05-21/HOU-US290-LittleYork_20260521_134011.jpg,570591,e9c0d44435eda5aece016946aacec3e2,captured,
2026-05-21 13:40:11 CT,2026-05-21 18:40:11 UTC,HOU,IH-10 Katy @ SH 6 (W),HOU-Katy-ML-SH6-W,images/HOU-Katy-ML-SH6-W/2026-05-21/HOU-Katy-ML-SH6-W_20260521_134011.jpg,570591,e9c0d44435eda5aece016946aacec3e2,captured,
2026-05-21 13:40:11 CT,2026-05-21 18:40:11 UTC,HOU,US-290 Northwest @ Cypress Rosehill,HOU-US290-CypressRosehill,images/HOU-US290-CypressRosehill/2026-05-21/HOU-US290-CypressRosehill_20260521_134011.jpg,570591,e9c0d44435eda5aece016946aacec3e2,captured,
2026-05-21 13:40:11 CT,2026-05-21 18:40:11 UTC,SAT,US 281 at Sprucewood,SAT-US281-Sprucewood,images/SAT-US281-Sprucewood/2026-05-21/SAT-US281-Sprucewood_20260521_134011.jpg,85173,43a4c0ff69b8b58ff7e49288bd6c7979,captured,
2026-05-21 13:40:11 CT,2026-05-21 18:40:11 UTC,FTW,IH35W @ Golden Triangle,FTW-IH35W-GoldenTriangle,images/FTW-IH35W-GoldenTriangle/2026-05-21/FTW-IH35W-GoldenTriangle_20260521_134011.jpg,47779,b6185ab777950220542b54f2771e7aec,captured,
2026-05-21 13:45:11 CT,2026-05-21 18:45:11 UTC,DAL,IH35E @ Valley Ridge,DAL-IH35E-Valley-Ridge,images/DAL-IH35E-Valley-Ridge/2026-05-21/DAL-IH35E-Valley-Ridge_20260521_134511.jpg,207757,415fc2f24678529a665c11182df5c8ca,captured,
2026-05-21 13:45:11 CT,2026-05-21 18:45:11 UTC,DAL,IH35E @ Valley Ridge North,DAL-IH35E-Valley-Ridge-North,images/DAL-IH35E-Valley-Ridge-North/2026-05-21/DAL-IH35E-Valley-Ridge-North_20260521_134511.jpg,207757,415fc2f24678529a665c11182df5c8ca,captured,
2026-05-21 13:45:11 CT,2026-05-21 18:45:11 UTC,AUS,LP-1 @ Steck Ave,AUS-MoPac-Steck,images/AUS-MoPac-Steck/2026-05-21/AUS-MoPac-Steck_20260521_134511.jpg,23068,f57761ec9d818fe7eb3d27eb33f66631,captured,
2026-05-21 13:45:11 CT,2026-05-21 18:45:11 UTC,HOU,US-290 Northwest @ Gessner (W),HOU-US290-Gessner-W,images/HOU-US290-Gessner-W/2026-05-21/HOU-US290-Gessner-W_20260521_134511.jpg,567624,2f039e8a07d4f6c91f12a0420917b94e,captured,
2026-05-21 13:45:11 CT,2026-05-21 18:45:11 UTC,HOU,US-290 Northwest @ Little York,HOU-US290-LittleYork,images/HOU-US290-LittleYork/2026-05-21/HOU-US290-LittleYork_20260521_134511.jpg,567624,2f039e8a07d4f6c91f12a0420917b94e,captured,
2026-05-21 13:45:11 CT,2026-05-21 18:45:11 UTC,HOU,IH-10 Katy @ SH 6 (W),HOU-Katy-ML-SH6-W,images/HOU-Katy-ML-SH6-W/2026-05-21/HOU-Katy-ML-SH6-W_20260521_134511.jpg,567624,2f039e8a07d4f6c91f12a0420917b94e,captured,
2026-05-21 13:45:11 CT,2026-05-21 18:45:11 UTC,HOU,US-290 Northwest @ Cypress Rosehill,HOU-US290-CypressRosehill,images/HOU-US290-CypressRosehill/2026-05-21/HOU-US290-CypressRosehill_20260521_134511.jpg,567624,2f039e8a07d4f6c91f12a0420917b94e,captured,
2026-05-21 13:45:11 CT,2026-05-21 18:45:11 UTC,SAT,US 281 at Sprucewood,SAT-US281-Sprucewood,images/SAT-US281-Sprucewood/2026-05-21/SAT-US281-Sprucewood_20260521_134511.jpg,85277,8f502af705eecb6ae2d5af58d4be76bd,captured,
2026-05-21 13:45:11 CT,2026-05-21 18:45:11 UTC,FTW,IH35W @ Golden Triangle,FTW-IH35W-GoldenTriangle,images/FTW-IH35W-GoldenTriangle/2026-05-21/FTW-IH35W-GoldenTriangle_20260521_134511.jpg,50671,3594ed99faffa1666d65fd4bfbe3348c,captured,
2026-05-21 13:50:11 CT,2026-05-21 18:50:11 UTC,DAL,IH35E @ Valley Ridge,DAL-IH35E-Valley-Ridge,images/DAL-IH35E-Valley-Ridge/2026-05-21/DAL-IH35E-Valley-Ridge_20260521_135011.jpg,195478,3099eae1b60135721d81eaf5713e0ff3,captured,
2026-05-21 13:50:11 CT,2026-05-21 18:50:11 UTC,DAL,IH35E @ Valley Ridge North,DAL-IH35E-Valley-Ridge-North,images/DAL-IH35E-Valley-Ridge-North/2026-05-21/DAL-IH35E-Valley-Ridge-North_20260521_135011.jpg,195478,3099eae1b60135721d81eaf5713e0ff3,captured,
2026-05-21 13:50:11 CT,2026-05-21 18:50:11 UTC,AUS,LP-1 @ Steck Ave,AUS-MoPac-Steck,,0,,error,no image
2026-05-21 13:50:11 CT,2026-05-21 18:50:11 UTC,HOU,US-290 Northwest @ Gessner (W),HOU-US290-Gessner-W,,0,,error,no image
2026-05-21 13:50:11 CT,2026-05-21 18:50:11 UTC,HOU,US-290 Northwest @ Little York,HOU-US290-LittleYork,,0,,error,no image
2026-05-21 13:50:11 CT,2026-05-21 18:50:11 UTC,HOU,IH-10 Katy @ SH 6 (W),HOU-Katy-ML-SH6-W,,0,,error,no image
2026-05-21 13:50:11 CT,2026-05-21 18:50:11 UTC,HOU,US-290 Northwest @ Cypress Rosehill,HOU-US290-CypressRosehill,,0,,error,no image
2026-05-21 13:50:11 CT,2026-05-21 18:50:11 UTC,SAT,US 281 at Sprucewood,SAT-US281-Sprucewood,images/SAT-US281-Sprucewood/2026-05-21/SAT-US281-Sprucewood_20260521_135011.jpg,90212,f85cbbc2d6dc03b9a5d87f94ec819789,captured,
2026-05-21 13:50:11 CT,2026-05-21 18:50:11 UTC,FTW,IH35W @ Golden Triangle,FTW-IH35W-GoldenTriangle,images/FTW-IH35W-GoldenTriangle/2026-05-21/FTW-IH35W-GoldenTriangle_20260521_135011.jpg,50450,9b6c6574ff353c476e51125157360c50,captured,
2026-05-21 13:59:41 CT,2026-05-21 18:59:41 UTC,DAL,IH35E @ Valley Ridge,DAL-IH35E-Valley-Ridge,images/DAL-IH35E-Valley-Ridge/2026-05-21/DAL-IH35E-Valley-Ridge_20260521_135941.jpg,262384,e7f7d7e96897bb58cd8d628e350c6c76,captured,
2026-05-21 13:59:41 CT,2026-05-21 18:59:41 UTC,DAL,IH35E @ Valley Ridge North,DAL-IH35E-Valley-Ridge-North,images/DAL-IH35E-Valley-Ridge-North/2026-05-21/DAL-IH35E-Valley-Ridge-North_20260521_135941.jpg,262384,e7f7d7e96897bb58cd8d628e350c6c76,captured,
2026-05-21 13:59:41 CT,2026-05-21 18:59:41 UTC,AUS,LP-1 @ Steck Ave,AUS-MoPac-Steck,,0,,error,no image
2026-05-21 13:59:41 CT,2026-05-21 18:59:41 UTC,HOU,US-290 Northwest @ Gessner (W),HOU-US290-Gessner-W,images/HOU-US290-Gessner-W/2026-05-21/HOU-US290-Gessner-W_20260521_135941.jpg,30647,3cf1c0a58aa43eedd97552dabe3ad68d,captured,
2026-05-21 13:59:41 CT,2026-05-21 18:59:41 UTC,HOU,US-290 Northwest @ Little York,HOU-US290-LittleYork,images/HOU-US290-LittleYork/2026-05-21/HOU-US290-LittleYork_20260521_135941.jpg,30015,84550fdf71471ebc8967fb6ac27d8377,captured,
2026-05-21 13:59:41 CT,2026-05-21 18:59:41 UTC,HOU,IH-10 Katy @ SH 6 (W),HOU-Katy-ML-SH6-W,images/HOU-Katy-ML-SH6-W/2026-05-21/HOU-Katy-ML-SH6-W_20260521_135941.jpg,30015,84550fdf71471ebc8967fb6ac27d8377,captured,
2026-05-21 13:59:41 CT,2026-05-21 18:59:41 UTC,HOU,US-290 Northwest @ Cypress Rosehill,HOU-US290-CypressRosehill,images/HOU-US290-CypressRosehill/2026-05-21/HOU-US290-CypressRosehill_20260521_135941.jpg,30015,84550fdf71471ebc8967fb6ac27d8377,captured,
2026-05-21 13:59:41 CT,2026-05-21 18:59:41 UTC,SAT,US 281 at Sprucewood,SAT-US281-Sprucewood,images/SAT-US281-Sprucewood/2026-05-21/SAT-US281-Sprucewood_20260521_135941.jpg,88765,be9b90006be0df926b1d31237bb21b01,captured,
2026-05-21 13:59:41 CT,2026-05-21 18:59:41 UTC,FTW,IH35W @ Golden Triangle,FTW-IH35W-GoldenTriangle,images/FTW-IH35W-GoldenTriangle/2026-05-21/FTW-IH35W-GoldenTriangle_20260521_135941.jpg,50077,40196655f14eb0c66f8be345a295cb28,captured,
2026-05-21 14:04:41 CT,2026-05-21 19:04:41 UTC,DAL,IH35E @ Valley Ridge,DAL-IH35E-Valley-Ridge,images/DAL-IH35E-Valley-Ridge/2026-05-21/DAL-IH35E-Valley-Ridge_20260521_140441.jpg,200786,1b9551e0df1d288b3f448a9a08bbfc77,captured,
2026-05-21 14:04:41 CT,2026-05-21 19:04:41 UTC,DAL,IH35E @ Valley Ridge North,DAL-IH35E-Valley-Ridge-North,images/DAL-IH35E-Valley-Ridge-North/2026-05-21/DAL-IH35E-Valley-Ridge-North_20260521_140441.jpg,200786,1b9551e0df1d288b3f448a9a08bbfc77,captured,
2026-05-21 14:04:41 CT,2026-05-21 19:04:41 UTC,AUS,LP-1 @ Steck Ave,AUS-MoPac-Steck,,0,,error,no image
2026-05-21 14:04:41 CT,2026-05-21 19:04:41 UTC,HOU,US-290 Northwest @ Gessner (W),HOU-US290-Gessner-W,images/HOU-US290-Gessner-W/2026-05-21/HOU-US290-Gessner-W_20260521_140441.jpg,30781,e75fb8533b76fcbfcfc8f33d968c1074,captured,
2026-05-21 14:04:41 CT,2026-05-21 19:04:41 UTC,HOU,US-290 Northwest @ Little York,HOU-US290-LittleYork,images/HOU-US290-LittleYork/2026-05-21/HOU-US290-LittleYork_20260521_140441.jpg,29643,85425a48a9c93e8134b48ec8ebead868,captured,
2026-05-21 14:04:41 CT,2026-05-21 19:04:41 UTC,HOU,IH-10 Katy @ SH 6 (W),HOU-Katy-ML-SH6-W,images/HOU-Katy-ML-SH6-W/2026-05-21/HOU-Katy-ML-SH6-W_20260521_140441.jpg,29643,85425a48a9c93e8134b48ec8ebead868,captured,
2026-05-21 14:04:41 CT,2026-05-21 19:04:41 UTC,HOU,US-290 Northwest @ Cypress Rosehill,HOU-US290-CypressRosehill,images/HOU-US290-CypressRosehill/2026-05-21/HOU-US290-CypressRosehill_20260521_140441.jpg,29643,85425a48a9c93e8134b48ec8ebead868,captured,
2026-05-21 14:04:41 CT,2026-05-21 19:04:41 UTC,SAT,US 281 at Sprucewood,SAT-US281-Sprucewood,images/SAT-US281-Sprucewood/2026-05-21/SAT-US281-Sprucewood_20260521_140441.jpg,85687,b6abf63c1267399c1b811459f39bc74c,captured,
2026-05-21 14:04:41 CT,2026-05-21 19:04:41 UTC,FTW,IH35W @ Golden Triangle,FTW-IH35W-GoldenTriangle,images/FTW-IH35W-GoldenTriangle/2026-05-21/FTW-IH35W-GoldenTriangle_20260521_140441.jpg,51645,60f9dcd0d8717585d5fa9dc7b674408d,captured,
2026-05-21 14:09:41 CT,2026-05-21 19:09:41 UTC,DAL,IH35E @ Valley Ridge,DAL-IH35E-Valley-Ridge,images/DAL-IH35E-Valley-Ridge/2026-05-21/DAL-IH35E-Valley-Ridge_20260521_140941.jpg,222012,cf5eef177ee5dd9803ccbceae0ceb088,captured,
2026-05-21 14:09:41 CT,2026-05-21 19:09:41 UTC,DAL,IH35E @ Valley Ridge North,DAL-IH35E-Valley-Ridge-North,images/DAL-IH35E-Valley-Ridge-North/2026-05-21/DAL-IH35E-Valley-Ridge-North_20260521_140941.jpg,222012,cf5eef177ee5dd9803ccbceae0ceb088,captured,
2026-05-21 14:09:41 CT,2026-05-21 19:09:41 UTC,AUS,LP-1 @ Steck Ave,AUS-MoPac-Steck,,0,,error,no image
2026-05-21 14:09:41 CT,2026-05-21 19:09:41 UTC,HOU,US-290 Northwest @ Gessner (W),HOU-US290-Gessner-W,images/HOU-US290-Gessner-W/2026-05-21/HOU-US290-Gessner-W_20260521_140941.jpg,22157,c9260a50f281f68684806c20f8c71154,captured,
2026-05-21 14:09:41 CT,2026-05-21 19:09:41 UTC,HOU,US-290 Northwest @ Little York,HOU-US290-LittleYork,images/HOU-US290-LittleYork/2026-05-21/HOU-US290-LittleYork_20260521_140941.jpg,27223,8c5d53e7f9aa349fbb1233632c46a526,captured,
2026-05-21 14:09:41 CT,2026-05-21 19:09:41 UTC,HOU,IH-10 Katy @ SH 6 (W),HOU-Katy-ML-SH6-W,images/HOU-Katy-ML-SH6-W/2026-05-21/HOU-Katy-ML-SH6-W_20260521_140941.jpg,27223,8c5d53e7f9aa349fbb1233632c46a526,captured,
2026-05-21 14:09:41 CT,2026-05-21 19:09:41 UTC,HOU,US-290 Northwest @ Cypress Rosehill,HOU-US290-CypressRosehill,images/HOU-US290-CypressRosehill/2026-05-21/HOU-US290-CypressRosehill_20260521_140941.jpg,27223,8c5d53e7f9aa349fbb1233632c46a526,captured,
2026-05-21 14:09:41 CT,2026-05-21 19:09:41 UTC,SAT,US 281 at Sprucewood,SAT-US281-Sprucewood,images/SAT-US281-Sprucewood/2026-05-21/SAT-US281-Sprucewood_20260521_140941.jpg,85906,2cd05a44b90064d61d1acdebc29f5e76,captured,
2026-05-21 14:09:41 CT,2026-05-21 19:09:41 UTC,FTW,IH35W @ Golden Triangle,FTW-IH35W-GoldenTriangle,images/FTW-IH35W-GoldenTriangle/2026-05-21/FTW-IH35W-GoldenTriangle_20260521_140941.jpg,49386,fed6126ba4313990b721df7fcf98066a,captured,
2026-05-21 14:14:41 CT,2026-05-21 19:14:41 UTC,DAL,IH35E @ Valley Ridge,DAL-IH35E-Valley-Ridge,images/DAL-IH35E-Valley-Ridge/2026-05-21/DAL-IH35E-Valley-Ridge_20260521_141441.jpg,236210,d9d712ade216fc4ce75f86a0e2591c6c,captured,
2026-05-21 14:14:41 CT,2026-05-21 19:14:41 UTC,DAL,IH35E @ Valley Ridge North,DAL-IH35E-Valley-Ridge-North,images/DAL-IH35E-Valley-Ridge-North/2026-05-21/DAL-IH35E-Valley-Ridge-North_20260521_141441.jpg,236210,d9d712ade216fc4ce75f86a0e2591c6c,captured,
2026-05-21 14:14:41 CT,2026-05-21 19:14:41 UTC,AUS,LP-1 @ Steck Ave,AUS-MoPac-Steck,images/AUS-MoPac-Steck/2026-05-21/AUS-MoPac-Steck_20260521_141441.jpg,28076,bd317617d52fe843d8598298213ff1a6,captured,
2026-05-21 14:14:41 CT,2026-05-21 19:14:41 UTC,HOU,US-290 Northwest @ Gessner (W),HOU-US290-Gessner-W,images/HOU-US290-Gessner-W/2026-05-21/HOU-US290-Gessner-W_20260521_141441.jpg,29104,819f1d408a9e9232c39ec9b888f9c8b1,captured,
2026-05-21 14:14:41 CT,2026-05-21 19:14:41 UTC,HOU,US-290 Northwest @ Little York,HOU-US290-LittleYork,images/HOU-US290-LittleYork/2026-05-21/HOU-US290-LittleYork_20260521_141441.jpg,23796,11a4b4646510d2840efbbbc01fbd78a2,captured,
2026-05-21 14:14:41 CT,2026-05-21 19:14:41 UTC,HOU,IH-10 Katy @ SH 6 (W),HOU-Katy-ML-SH6-W,images/HOU-Katy-ML-SH6-W/2026-05-21/HOU-Katy-ML-SH6-W_20260521_141441.jpg,23796,11a4b4646510d2840efbbbc01fbd78a2,captured,
2026-05-21 14:14:41 CT,2026-05-21 19:14:41 UTC,HOU,US-290 Northwest @ Cypress Rosehill,HOU-US290-CypressRosehill,images/HOU-US290-CypressRosehill/2026-05-21/HOU-US290-CypressRosehill_20260521_141441.jpg,23796,11a4b4646510d2840efbbbc01fbd78a2,captured,
2026-05-21 14:14:41 CT,2026-05-21 19:14:41 UTC,SAT,US 281 at Sprucewood,SAT-US281-Sprucewood,images/SAT-US281-Sprucewood/2026-05-21/SAT-US281-Sprucewood_20260521_141441.jpg,86971,2a97e24a9bc31c861a203024099df537,captured,
2026-05-21 14:14:41 CT,2026-05-21 19:14:41 UTC,FTW,IH35W @ Golden Triangle,FTW-IH35W-GoldenTriangle,images/FTW-IH35W-GoldenTriangle/2026-05-21/FTW-IH35W-GoldenTriangle_20260521_141441.jpg,50220,ec238ebe6c3034c3f7321c0af5dc7ceb,captured,
2026-05-21 14:19:41 CT,2026-05-21 19:19:41 UTC,DAL,IH35E @ Valley Ridge,DAL-IH35E-Valley-Ridge,images/DAL-IH35E-Valley-Ridge/2026-05-21/DAL-IH35E-Valley-Ridge_20260521_141941.jpg,261839,003198cd134de2aa16de02adda0eaedf,captured,
2026-05-21 14:19:41 CT,2026-05-21 19:19:41 UTC,DAL,IH35E @ Valley Ridge North,DAL-IH35E-Valley-Ridge-North,images/DAL-IH35E-Valley-Ridge-North/2026-05-21/DAL-IH35E-Valley-Ridge-North_20260521_141941.jpg,261839,003198cd134de2aa16de02adda0eaedf,captured,
2026-05-21 14:19:41 CT,2026-05-21 19:19:41 UTC,AUS,LP-1 @ Steck Ave,AUS-MoPac-Steck,images/AUS-MoPac-Steck/2026-05-21/AUS-MoPac-Steck_20260521_141941.jpg,28590,da05cd2d87f4967ddd470121de62d98e,captured,
2026-05-21 14:19:41 CT,2026-05-21 19:19:41 UTC,HOU,US-290 Northwest @ Gessner (W),HOU-US290-Gessner-W,images/HOU-US290-Gessner-W/2026-05-21/HOU-US290-Gessner-W_20260521_141941.jpg,30009,9e0660217b14269b16696cb64f7de14d,captured,
2026-05-21 14:19:41 CT,2026-05-21 19:19:41 UTC,HOU,US-290 Northwest @ Little York,HOU-US290-LittleYork,images/HOU-US290-LittleYork/2026-05-21/HOU-US290-LittleYork_20260521_141941.jpg,24497,8aaef90160d170d69b46718ae6e56725,captured,
2026-05-21 14:19:41 CT,2026-05-21 19:19:41 UTC,HOU,IH-10 Katy @ SH 6 (W),HOU-Katy-ML-SH6-W,images/HOU-Katy-ML-SH6-W/2026-05-21/HOU-Katy-ML-SH6-W_20260521_141941.jpg,24497,8aaef90160d170d69b46718ae6e56725,captured,
2026-05-21 14:19:41 CT,2026-05-21 19:19:41 UTC,HOU,US-290 Northwest @ Cypress Rosehill,HOU-US290-CypressRosehill,images/HOU-US290-CypressRosehill/2026-05-21/HOU-US290-CypressRosehill_20260521_141941.jpg,24497,8aaef90160d170d69b46718ae6e56725,captured,
2026-05-21 14:19:41 CT,2026-05-21 19:19:41 UTC,SAT,US 281 at Sprucewood,SAT-US281-Sprucewood,images/SAT-US281-Sprucewood/2026-05-21/SAT-US281-Sprucewood_20260521_141941.jpg,84206,c944ef579e74097e12c8e0b1bad3ded0,captured,
2026-05-21 14:19:41 CT,2026-05-21 19:19:41 UTC,FTW,IH35W @ Golden Triangle,FTW-IH35W-GoldenTriangle,images/FTW-IH35W-GoldenTriangle/2026-05-21/FTW-IH35W-GoldenTriangle_20260521_141941.jpg,51797,be3d0c675bd5e0292aa055e4684c6f42,captured,
2026-05-21 14:24:41 CT,2026-05-21 19:24:41 UTC,DAL,IH35E @ Valley Ridge,DAL-IH35E-Valley-Ridge,images/DAL-IH35E-Valley-Ridge/2026-05-21/DAL-IH35E-Valley-Ridge_20260521_142441.jpg,195707,31885dc9a4bcb7a38ce58626486fb885,captured,
2026-05-21 14:24:41 CT,2026-05-21 19:24:41 UTC,DAL,IH35E @ Valley Ridge North,DAL-IH35E-Valley-Ridge-North,images/DAL-IH35E-Valley-Ridge-North/2026-05-21/DAL-IH35E-Valley-Ridge-North_20260521_142441.jpg,195707,31885dc9a4bcb7a38ce58626486fb885,captured,
2026-05-21 14:24:41 CT,2026-05-21 19:24:41 UTC,AUS,LP-1 @ Steck Ave,AUS-MoPac-Steck,images/AUS-MoPac-Steck/2026-05-21/AUS-MoPac-Steck_20260521_142441.jpg,27966,6f887fcc23f27635afd39afeba42c5da,captured,
2026-05-21 14:24:41 CT,2026-05-21 19:24:41 UTC,HOU,US-290 Northwest @ Gessner (W),HOU-US290-Gessner-W,images/HOU-US290-Gessner-W/2026-05-21/HOU-US290-Gessner-W_20260521_142441.jpg,31775,36bdd6abc60e5bdd15579fb0ffa19414,captured,
2026-05-21 14:24:41 CT,2026-05-21 19:24:41 UTC,HOU,US-290 Northwest @ Little York,HOU-US290-LittleYork,images/HOU-US290-LittleYork/2026-05-21/HOU-US290-LittleYork_20260521_142441.jpg,23219,46000e2c9feba62579ed0bf3e2198e84,captured,
2026-05-21 14:24:41 CT,2026-05-21 19:24:41 UTC,HOU,IH-10 Katy @ SH 6 (W),HOU-Katy-ML-SH6-W,images/HOU-Katy-ML-SH6-W/2026-05-21/HOU-Katy-ML-SH6-W_20260521_142441.jpg,23219,46000e2c9feba62579ed0bf3e2198e84,captured,
2026-05-21 14:24:41 CT,2026-05-21 19:24:41 UTC,HOU,US-290 Northwest @ Cypress Rosehill,HOU-US290-CypressRosehill,images/HOU-US290-CypressRosehill/2026-05-21/HOU-US290-CypressRosehill_20260521_142441.jpg,23219,46000e2c9feba62579ed0bf3e2198e84,captured,
2026-05-21 14:24:41 CT,2026-05-21 19:24:41 UTC,SAT,US 281 at Sprucewood,SAT-US281-Sprucewood,images/SAT-US281-Sprucewood/2026-05-21/SAT-US281-Sprucewood_20260521_142441.jpg,85970,9438fcc2dafca967a9e5929156855f92,captured,
2026-05-21 14:24:41 CT,2026-05-21 19:24:41 UTC,FTW,IH35W @ Golden Triangle,FTW-IH35W-GoldenTriangle,images/FTW-IH35W-GoldenTriangle/2026-05-21/FTW-IH35W-GoldenTriangle_20260521_142441.jpg,50685,4d2021617912d5d3e72cba297156430b,captured,
2026-05-21 14:29:41 CT,2026-05-21 19:29:41 UTC,DAL,IH35E @ Valley Ridge,DAL-IH35E-Valley-Ridge,images/DAL-IH35E-Valley-Ridge/2026-05-21/DAL-IH35E-Valley-Ridge_20260521_142941.jpg,191200,9764bc120bfa187eeb7435dea2c6f698,captured,
2026-05-21 14:29:41 CT,2026-05-21 19:29:41 UTC,DAL,IH35E @ Valley Ridge North,DAL-IH35E-Valley-Ridge-North,images/DAL-IH35E-Valley-Ridge-North/2026-05-21/DAL-IH35E-Valley-Ridge-North_20260521_142941.jpg,191200,9764bc120bfa187eeb7435dea2c6f698,captured,
2026-05-21 14:29:41 CT,2026-05-21 19:29:41 UTC,AUS,LP-1 @ Steck Ave,AUS-MoPac-Steck,images/AUS-MoPac-Steck/2026-05-21/AUS-MoPac-Steck_20260521_142941.jpg,29079,a71d4a3bdb7d1c55d51ab6e5b25903ae,captured,
2026-05-21 14:29:41 CT,2026-05-21 19:29:41 UTC,HOU,US-290 Northwest @ Gessner (W),HOU-US290-Gessner-W,images/HOU-US290-Gessner-W/2026-05-21/HOU-US290-Gessner-W_20260521_142941.jpg,30037,29b9e16b2e49b169aa67ed8bd290be4a,captured,
2026-05-21 14:29:41 CT,2026-05-21 19:29:41 UTC,HOU,US-290 Northwest @ Little York,HOU-US290-LittleYork,images/HOU-US290-LittleYork/2026-05-21/HOU-US290-LittleYork_20260521_142941.jpg,25123,5973961f90c056c19ce77d52145434e4,captured,
2026-05-21 14:29:41 CT,2026-05-21 19:29:41 UTC,HOU,IH-10 Katy @ SH 6 (W),HOU-Katy-ML-SH6-W,images/HOU-Katy-ML-SH6-W/2026-05-21/HOU-Katy-ML-SH6-W_20260521_142941.jpg,25123,5973961f90c056c19ce77d52145434e4,captured,
2026-05-21 14:29:41 CT,2026-05-21 19:29:41 UTC,HOU,US-290 Northwest @ Cypress Rosehill,HOU-US290-CypressRosehill,images/HOU-US290-CypressRosehill/2026-05-21/HOU-US290-CypressRosehill_20260521_142941.jpg,25123,5973961f90c056c19ce77d52145434e4,captured,
2026-05-21 14:29:41 CT,2026-05-21 19:29:41 UTC,SAT,US 281 at Sprucewood,SAT-US281-Sprucewood,images/SAT-US281-Sprucewood/2026-05-21/SAT-US281-Sprucewood_20260521_142941.jpg,80422,f99282fa3268352515866962276bf2ec,captured,
2026-05-21 14:29:41 CT,2026-05-21 19:29:41 UTC,FTW,IH35W @ Golden Triangle,FTW-IH35W-GoldenTriangle,images/FTW-IH35W-GoldenTriangle/2026-05-21/FTW-IH35W-GoldenTriangle_20260521_142941.jpg,51599,60b8bd7ff95df3b6ba90cc81987272ec,captured,
2026-05-21 14:34:41 CT,2026-05-21 19:34:41 UTC,DAL,IH35E @ Valley Ridge,DAL-IH35E-Valley-Ridge,images/DAL-IH35E-Valley-Ridge/2026-05-21/DAL-IH35E-Valley-Ridge_20260521_143441.jpg,192744,2e17a5efc960e32993fb514889bbb215,captured,
2026-05-21 14:34:41 CT,2026-05-21 19:34:41 UTC,DAL,IH35E @ Valley Ridge North,DAL-IH35E-Valley-Ridge-North,images/DAL-IH35E-Valley-Ridge-North/2026-05-21/DAL-IH35E-Valley-Ridge-North_20260521_143441.jpg,192744,2e17a5efc960e32993fb514889bbb215,captured,
2026-05-21 14:34:41 CT,2026-05-21 19:34:41 UTC,AUS,LP-1 @ Steck Ave,AUS-MoPac-Steck,images/AUS-MoPac-Steck/2026-05-21/AUS-MoPac-Steck_20260521_143441.jpg,27068,daf3afd053237c8f479779ce039c5790,captured,
2026-05-21 14:34:41 CT,2026-05-21 19:34:41 UTC,HOU,US-290 Northwest @ Gessner (W),HOU-US290-Gessner-W,images/HOU-US290-Gessner-W/2026-05-21/HOU-US290-Gessner-W_20260521_143441.jpg,29676,58d380a34558edfe4733863b7fe118d3,captured,
2026-05-21 14:34:41 CT,2026-05-21 19:34:41 UTC,HOU,US-290 Northwest @ Little York,HOU-US290-LittleYork,images/HOU-US290-LittleYork/2026-05-21/HOU-US290-LittleYork_20260521_143441.jpg,24118,2d2505de06682d3bd86157c7188fe53d,captured,
2026-05-21 14:34:41 CT,2026-05-21 19:34:41 UTC,HOU,IH-10 Katy @ SH 6 (W),HOU-Katy-ML-SH6-W,images/HOU-Katy-ML-SH6-W/2026-05-21/HOU-Katy-ML-SH6-W_20260521_143441.jpg,24118,2d2505de06682d3bd86157c7188fe53d,captured,
2026-05-21 14:34:41 CT,2026-05-21 19:34:41 UTC,HOU,US-290 Northwest @ Cypress Rosehill,HOU-US290-CypressRosehill,images/HOU-US290-CypressRosehill/2026-05-21/HOU-US290-CypressRosehill_20260521_143441.jpg,24118,2d2505de06682d3bd86157c7188fe53d,captured,
2026-05-21 14:34:41 CT,2026-05-21 19:34:41 UTC,SAT,US 281 at Sprucewood,SAT-US281-Sprucewood,images/SAT-US281-Sprucewood/2026-05-21/SAT-US281-Sprucewood_20260521_143441.jpg,82390,8485cd5e022434a8cfbe5469559c0b7a,captured,
2026-05-21 14:34:41 CT,2026-05-21 19:34:41 UTC,FTW,IH35W @ Golden Triangle,FTW-IH35W-GoldenTriangle,images/FTW-IH35W-GoldenTriangle/2026-05-21/FTW-IH35W-GoldenTriangle_20260521_143441.jpg,50209,f6791e8c8ca827f8c4331a210b9be790,captured,
2026-05-21 14:39:41 CT,2026-05-21 19:39:41 UTC,DAL,IH35E @ Valley Ridge,DAL-IH35E-Valley-Ridge,images/DAL-IH35E-Valley-Ridge/2026-05-21/DAL-IH35E-Valley-Ridge_20260521_143941.jpg,194190,79c65f3a9758c65f511a28f0ea0e2aaf,captured,
2026-05-21 14:39:41 CT,2026-05-21 19:39:41 UTC,DAL,IH35E @ Valley Ridge North,DAL-IH35E-Valley-Ridge-North,images/DAL-IH35E-Valley-Ridge-North/2026-05-21/DAL-IH35E-Valley-Ridge-North_20260521_143941.jpg,194190,79c65f3a9758c65f511a28f0ea0e2aaf,captured,
2026-05-21 14:39:41 CT,2026-05-21 19:39:41 UTC,AUS,LP-1 @ Steck Ave,AUS-MoPac-Steck,images/AUS-MoPac-Steck/2026-05-21/AUS-MoPac-Steck_20260521_143941.jpg,29555,ef7a14ccfddc9b86924a4e1d63e31ff7,captured,
2026-05-21 14:39:41 CT,2026-05-21 19:39:41 UTC,HOU,US-290 Northwest @ Gessner (W),HOU-US290-Gessner-W,images/HOU-US290-Gessner-W/2026-05-21/HOU-US290-Gessner-W_20260521_143941.jpg,31165,affdb0a48e2415bf46e9948600d931a2,captured,
2026-05-21 14:39:41 CT,2026-05-21 19:39:41 UTC,HOU,US-290 Northwest @ Little York,HOU-US290-LittleYork,images/HOU-US290-LittleYork/2026-05-21/HOU-US290-LittleYork_20260521_143941.jpg,25191,50d4a55a269eb332cf61594f6cb05084,captured,
2026-05-21 14:39:41 CT,2026-05-21 19:39:41 UTC,HOU,IH-10 Katy @ SH 6 (W),HOU-Katy-ML-SH6-W,images/HOU-Katy-ML-SH6-W/2026-05-21/HOU-Katy-ML-SH6-W_20260521_143941.jpg,25191,50d4a55a269eb332cf61594f6cb05084,captured,
2026-05-21 14:39:41 CT,2026-05-21 19:39:41 UTC,HOU,US-290 Northwest @ Cypress Rosehill,HOU-US290-CypressRosehill,images/HOU-US290-CypressRosehill/2026-05-21/HOU-US290-CypressRosehill_20260521_143941.jpg,25191,50d4a55a269eb332cf61594f6cb05084,captured,
2026-05-21 14:39:41 CT,2026-05-21 19:39:41 UTC,SAT,US 281 at Sprucewood,SAT-US281-Sprucewood,images/SAT-US281-Sprucewood/2026-05-21/SAT-US281-Sprucewood_20260521_143941.jpg,84866,2ec6823c838ca51f84c554a0493476b6,captured,
2026-05-21 14:39:41 CT,2026-05-21 19:39:41 UTC,FTW,IH35W @ Golden Triangle,FTW-IH35W-GoldenTriangle,images/FTW-IH35W-GoldenTriangle/2026-05-21/FTW-IH35W-GoldenTriangle_20260521_143941.jpg,48104,d9c14908733ed3a36b8f5d51c5790c23,captured,
2026-05-21 14:44:41 CT,2026-05-21 19:44:41 UTC,DAL,IH35E @ Valley Ridge,DAL-IH35E-Valley-Ridge,images/DAL-IH35E-Valley-Ridge/2026-05-21/DAL-IH35E-Valley-Ridge_20260521_144441.jpg,188363,a735ae452a3169ff9c3fbf574e350131,captured,
2026-05-21 14:44:41 CT,2026-05-21 19:44:41 UTC,DAL,IH35E @ Valley Ridge North,DAL-IH35E-Valley-Ridge-North,images/DAL-IH35E-Valley-Ridge-North/2026-05-21/DAL-IH35E-Valley-Ridge-North_20260521_144441.jpg,188363,a735ae452a3169ff9c3fbf574e350131,captured,
2026-05-21 14:44:41 CT,2026-05-21 19:44:41 UTC,AUS,LP-1 @ Steck Ave,AUS-MoPac-Steck,images/AUS-MoPac-Steck/2026-05-21/AUS-MoPac-Steck_20260521_144441.jpg,28980,aa84bd34ca5a37cc965f9e256600a2a0,captured,
2026-05-21 14:44:41 CT,2026-05-21 19:44:41 UTC,HOU,US-290 Northwest @ Gessner (W),HOU-US290-Gessner-W,images/HOU-US290-Gessner-W/2026-05-21/HOU-US290-Gessner-W_20260521_144441.jpg,30806,a0cb8be82a5f72a7f19fc29e754ed7cf,captured,
2026-05-21 14:44:41 CT,2026-05-21 19:44:41 UTC,HOU,US-290 Northwest @ Little York,HOU-US290-LittleYork,images/HOU-US290-LittleYork/2026-05-21/HOU-US290-LittleYork_20260521_144441.jpg,24323,4cfb1709840ef962712fce531878d7e7,captured,
2026-05-21 14:44:41 CT,2026-05-21 19:44:41 UTC,HOU,IH-10 Katy @ SH 6 (W),HOU-Katy-ML-SH6-W,images/HOU-Katy-ML-SH6-W/2026-05-21/HOU-Katy-ML-SH6-W_20260521_144441.jpg,24323,4cfb1709840ef962712fce531878d7e7,captured,
2026-05-21 14:44:41 CT,2026-05-21 19:44:41 UTC,HOU,US-290 Northwest @ Cypress Rosehill,HOU-US290-CypressRosehill,images/HOU-US290-CypressRosehill/2026-05-21/HOU-US290-CypressRosehill_20260521_144441.jpg,24323,4cfb1709840ef962712fce531878d7e7,captured,
2026-05-21 14:44:41 CT,2026-05-21 19:44:41 UTC,SAT,US 281 at Sprucewood,SAT-US281-Sprucewood,images/SAT-US281-Sprucewood/2026-05-21/SAT-US281-Sprucewood_20260521_144441.jpg,84074,0a2ae8dc3f71ec093b0a5ffa1272c359,captured,
2026-05-21 14:44:41 CT,2026-05-21 19:44:41 UTC,FTW,IH35W @ Golden Triangle,FTW-IH35W-GoldenTriangle,images/FTW-IH35W-GoldenTriangle/2026-05-21/FTW-IH35W-GoldenTriangle_20260521_144441.jpg,48957,2ccd6c0b85e9b439c9cfd1de0d954308,captured,
2026-05-21 14:49:41 CT,2026-05-21 19:49:41 UTC,DAL,IH35E @ Valley Ridge,DAL-IH35E-Valley-Ridge,images/DAL-IH35E-Valley-Ridge/2026-05-21/DAL-IH35E-Valley-Ridge_20260521_144941.jpg,190348,e9f170c457a0b7c1fccd731b216b267a,captured,
2026-05-21 14:49:41 CT,2026-05-21 19:49:41 UTC,DAL,IH35E @ Valley Ridge North,DAL-IH35E-Valley-Ridge-North,images/DAL-IH35E-Valley-Ridge-North/2026-05-21/DAL-IH35E-Valley-Ridge-North_20260521_144941.jpg,190348,e9f170c457a0b7c1fccd731b216b267a,captured,
2026-05-21 14:49:41 CT,2026-05-21 19:49:41 UTC,AUS,LP-1 @ Steck Ave,AUS-MoPac-Steck,images/AUS-MoPac-Steck/2026-05-21/AUS-MoPac-Steck_20260521_144941.jpg,29453,c134f584cff2fffa059a9aa4495b2a1d,captured,
2026-05-21 14:49:41 CT,2026-05-21 19:49:41 UTC,HOU,US-290 Northwest @ Gessner (W),HOU-US290-Gessner-W,images/HOU-US290-Gessner-W/2026-05-21/HOU-US290-Gessner-W_20260521_144941.jpg,30346,3d30b6fd8bafb28e58941875cf7d395e,captured,
2026-05-21 14:49:41 CT,2026-05-21 19:49:41 UTC,HOU,US-290 Northwest @ Little York,HOU-US290-LittleYork,images/HOU-US290-LittleYork/2026-05-21/HOU-US290-LittleYork_20260521_144941.jpg,24303,67b577d16b48c2982f4c8541ccaa7f1c,captured,
2026-05-21 14:49:41 CT,2026-05-21 19:49:41 UTC,HOU,IH-10 Katy @ SH 6 (W),HOU-Katy-ML-SH6-W,images/HOU-Katy-ML-SH6-W/2026-05-21/HOU-Katy-ML-SH6-W_20260521_144941.jpg,24303,67b577d16b48c2982f4c8541ccaa7f1c,captured,
2026-05-21 14:49:41 CT,2026-05-21 19:49:41 UTC,HOU,US-290 Northwest @ Cypress Rosehill,HOU-US290-CypressRosehill,images/HOU-US290-CypressRosehill/2026-05-21/HOU-US290-CypressRosehill_20260521_144941.jpg,24303,67b577d16b48c2982f4c8541ccaa7f1c,captured,
2026-05-21 14:49:41 CT,2026-05-21 19:49:41 UTC,SAT,US 281 at Sprucewood,SAT-US281-Sprucewood,images/SAT-US281-Sprucewood/2026-05-21/SAT-US281-Sprucewood_20260521_144941.jpg,80276,78d6221a64c6080f75f1cc2face19af6,captured,
2026-05-21 14:49:41 CT,2026-05-21 19:49:41 UTC,FTW,IH35W @ Golden Triangle,FTW-IH35W-GoldenTriangle,images/FTW-IH35W-GoldenTriangle/2026-05-21/FTW-IH35W-GoldenTriangle_20260521_144941.jpg,48671,85fe344e3f65854a596e3b32b2bab0d9,captured,
2026-05-21 14:54:41 CT,2026-05-21 19:54:41 UTC,DAL,IH35E @ Valley Ridge,DAL-IH35E-Valley-Ridge,images/DAL-IH35E-Valley-Ridge/2026-05-21/DAL-IH35E-Valley-Ridge_20260521_145441.jpg,190578,0e59692b0161148e60250c804114bd9c,captured,
2026-05-21 14:54:41 CT,2026-05-21 19:54:41 UTC,DAL,IH35E @ Valley Ridge North,DAL-IH35E-Valley-Ridge-North,images/DAL-IH35E-Valley-Ridge-North/2026-05-21/DAL-IH35E-Valley-Ridge-North_20260521_145441.jpg,190578,0e59692b0161148e60250c804114bd9c,captured,
2026-05-21 14:54:41 CT,2026-05-21 19:54:41 UTC,AUS,LP-1 @ Steck Ave,AUS-MoPac-Steck,images/AUS-MoPac-Steck/2026-05-21/AUS-MoPac-Steck_20260521_145441.jpg,28015,096c5ca36d422f8feaa79f8e43eb7694,captured,
2026-05-21 14:54:41 CT,2026-05-21 19:54:41 UTC,HOU,US-290 Northwest @ Gessner (W),HOU-US290-Gessner-W,images/HOU-US290-Gessner-W/2026-05-21/HOU-US290-Gessner-W_20260521_145441.jpg,30303,06bf6872c855049c8a3cb094215cf9be,captured,
2026-05-21 14:54:41 CT,2026-05-21 19:54:41 UTC,HOU,US-290 Northwest @ Little York,HOU-US290-LittleYork,images/HOU-US290-LittleYork/2026-05-21/HOU-US290-LittleYork_20260521_145441.jpg,23576,7969f28b9467bc157a85a5d6bbc8ece7,captured,
2026-05-21 14:54:41 CT,2026-05-21 19:54:41 UTC,HOU,IH-10 Katy @ SH 6 (W),HOU-Katy-ML-SH6-W,images/HOU-Katy-ML-SH6-W/2026-05-21/HOU-Katy-ML-SH6-W_20260521_145441.jpg,23576,7969f28b9467bc157a85a5d6bbc8ece7,captured,
2026-05-21 14:54:41 CT,2026-05-21 19:54:41 UTC,HOU,US-290 Northwest @ Cypress Rosehill,HOU-US290-CypressRosehill,images/HOU-US290-CypressRosehill/2026-05-21/HOU-US290-CypressRosehill_20260521_145441.jpg,23576,7969f28b9467bc157a85a5d6bbc8ece7,captured,
2026-05-21 14:54:41 CT,2026-05-21 19:54:41 UTC,SAT,US 281 at Sprucewood,SAT-US281-Sprucewood,images/SAT-US281-Sprucewood/2026-05-21/SAT-US281-Sprucewood_20260521_145441.jpg,81728,b91655042da829eca621986ba9f0c29e,captured,
2026-05-21 14:54:41 CT,2026-05-21 19:54:41 UTC,FTW,IH35W @ Golden Triangle,FTW-IH35W-GoldenTriangle,images/FTW-IH35W-GoldenTriangle/2026-05-21/FTW-IH35W-GoldenTriangle_20260521_145441.jpg,49732,e135c39df7f9d0356e6d820d54852396,captured,
2026-05-21 14:59:41 CT,2026-05-21 19:59:41 UTC,DAL,IH35E @ Valley Ridge,DAL-IH35E-Valley-Ridge,images/DAL-IH35E-Valley-Ridge/2026-05-21/DAL-IH35E-Valley-Ridge_20260521_145941.jpg,190249,17c9f98fae704785769e6968996ff075,captured,
2026-05-21 14:59:41 CT,2026-05-21 19:59:41 UTC,DAL,IH35E @ Valley Ridge North,DAL-IH35E-Valley-Ridge-North,images/DAL-IH35E-Valley-Ridge-North/2026-05-21/DAL-IH35E-Valley-Ridge-North_20260521_145941.jpg,190249,17c9f98fae704785769e6968996ff075,captured,
2026-05-21 14:59:41 CT,2026-05-21 19:59:41 UTC,AUS,LP-1 @ Steck Ave,AUS-MoPac-Steck,images/AUS-MoPac-Steck/2026-05-21/AUS-MoPac-Steck_20260521_145941.jpg,37787,ec4e2a5e3479bf271ecc3b4a946000e2,captured,
2026-05-21 14:59:41 CT,2026-05-21 19:59:41 UTC,HOU,US-290 Northwest @ Gessner (W),HOU-US290-Gessner-W,images/HOU-US290-Gessner-W/2026-05-21/HOU-US290-Gessner-W_20260521_145941.jpg,31006,62c3ebb8600837451303cc83ff3d72b2,captured,
2026-05-21 14:59:41 CT,2026-05-21 19:59:41 UTC,HOU,US-290 Northwest @ Little York,HOU-US290-LittleYork,images/HOU-US290-LittleYork/2026-05-21/HOU-US290-LittleYork_20260521_145941.jpg,23020,52b6a65ea0734e9ebfa91800030d8f86,captured,
2026-05-21 14:59:41 CT,2026-05-21 19:59:41 UTC,HOU,IH-10 Katy @ SH 6 (W),HOU-Katy-ML-SH6-W,images/HOU-Katy-ML-SH6-W/2026-05-21/HOU-Katy-ML-SH6-W_20260521_145941.jpg,23020,52b6a65ea0734e9ebfa91800030d8f86,captured,
2026-05-21 14:59:41 CT,2026-05-21 19:59:41 UTC,HOU,US-290 Northwest @ Cypress Rosehill,HOU-US290-CypressRosehill,images/HOU-US290-CypressRosehill/2026-05-21/HOU-US290-CypressRosehill_20260521_145941.jpg,23020,52b6a65ea0734e9ebfa91800030d8f86,captured,
2026-05-21 14:59:41 CT,2026-05-21 19:59:41 UTC,SAT,US 281 at Sprucewood,SAT-US281-Sprucewood,images/SAT-US281-Sprucewood/2026-05-21/SAT-US281-Sprucewood_20260521_145941.jpg,79918,bec6facee4b9ad722b78b9a0916e01d4,captured,
2026-05-21 14:59:41 CT,2026-05-21 19:59:41 UTC,FTW,IH35W @ Golden Triangle,FTW-IH35W-GoldenTriangle,images/FTW-IH35W-GoldenTriangle/2026-05-21/FTW-IH35W-GoldenTriangle_20260521_145941.jpg,46242,28751970d632a0018079e0b458dcda3a,captured,
2026-05-21 15:04:41 CT,2026-05-21 20:04:41 UTC,DAL,IH35E @ Valley Ridge,DAL-IH35E-Valley-Ridge,images/DAL-IH35E-Valley-Ridge/2026-05-21/DAL-IH35E-Valley-Ridge_20260521_150441.jpg,209914,5b6a729dfca70b5dd1f02af9b41ba2c4,captured,
2026-05-21 15:04:41 CT,2026-05-21 20:04:41 UTC,DAL,IH35E @ Valley Ridge North,DAL-IH35E-Valley-Ridge-North,images/DAL-IH35E-Valley-Ridge-North/2026-05-21/DAL-IH35E-Valley-Ridge-North_20260521_150441.jpg,209914,5b6a729dfca70b5dd1f02af9b41ba2c4,captured,
2026-05-21 15:04:41 CT,2026-05-21 20:04:41 UTC,AUS,LP-1 @ Steck Ave,AUS-MoPac-Steck,images/AUS-MoPac-Steck/2026-05-21/AUS-MoPac-Steck_20260521_150441.jpg,34908,bfaa686dd0acbef25e54a5b101af7dc3,captured,
2026-05-21 15:04:41 CT,2026-05-21 20:04:41 UTC,HOU,US-290 Northwest @ Gessner (W),HOU-US290-Gessner-W,images/HOU-US290-Gessner-W/2026-05-21/HOU-US290-Gessner-W_20260521_150441.jpg,32565,41390f382a4bbe4bfcc9208011a977ba,captured,
2026-05-21 15:04:41 CT,2026-05-21 20:04:41 UTC,HOU,US-290 Northwest @ Little York,HOU-US290-LittleYork,images/HOU-US290-LittleYork/2026-05-21/HOU-US290-LittleYork_20260521_150441.jpg,22689,ed6149f207df01bd4b0ff52c8dba64ed,captured,
2026-05-21 15:04:41 CT,2026-05-21 20:04:41 UTC,HOU,IH-10 Katy @ SH 6 (W),HOU-Katy-ML-SH6-W,images/HOU-Katy-ML-SH6-W/2026-05-21/HOU-Katy-ML-SH6-W_20260521_150441.jpg,22689,ed6149f207df01bd4b0ff52c8dba64ed,captured,
2026-05-21 15:04:41 CT,2026-05-21 20:04:41 UTC,HOU,US-290 Northwest @ Cypress Rosehill,HOU-US290-CypressRosehill,images/HOU-US290-CypressRosehill/2026-05-21/HOU-US290-CypressRosehill_20260521_150441.jpg,22689,ed6149f207df01bd4b0ff52c8dba64ed,captured,
2026-05-21 15:04:41 CT,2026-05-21 20:04:41 UTC,SAT,US 281 at Sprucewood,SAT-US281-Sprucewood,images/SAT-US281-Sprucewood/2026-05-21/SAT-US281-Sprucewood_20260521_150441.jpg,79785,446dba4fa87231d34c8695fa06720ba7,captured,
2026-05-21 15:04:41 CT,2026-05-21 20:04:41 UTC,FTW,IH35W @ Golden Triangle,FTW-IH35W-GoldenTriangle,images/FTW-IH35W-GoldenTriangle/2026-05-21/FTW-IH35W-GoldenTriangle_20260521_150441.jpg,46355,9c110329c78d1a367f70b4c86ce2927a,captured,
2026-05-21 15:09:41 CT,2026-05-21 20:09:41 UTC,DAL,IH35E @ Valley Ridge,DAL-IH35E-Valley-Ridge,images/DAL-IH35E-Valley-Ridge/2026-05-21/DAL-IH35E-Valley-Ridge_20260521_150941.jpg,214651,49787e67e3dd5d13dd496a5c0c15b2eb,captured,
2026-05-21 15:09:41 CT,2026-05-21 20:09:41 UTC,DAL,IH35E @ Valley Ridge North,DAL-IH35E-Valley-Ridge-North,images/DAL-IH35E-Valley-Ridge-North/2026-05-21/DAL-IH35E-Valley-Ridge-North_20260521_150941.jpg,214651,49787e67e3dd5d13dd496a5c0c15b2eb,captured,
2026-05-21 15:09:41 CT,2026-05-21 20:09:41 UTC,AUS,LP-1 @ Steck Ave,AUS-MoPac-Steck,images/AUS-MoPac-Steck/2026-05-21/AUS-MoPac-Steck_20260521_150941.jpg,35313,21669fb6c0c09f6c2a12e06618007c89,captured,
2026-05-21 15:09:41 CT,2026-05-21 20:09:41 UTC,HOU,US-290 Northwest @ Gessner (W),HOU-US290-Gessner-W,,0,,error,no image
2026-05-21 15:09:41 CT,2026-05-21 20:09:41 UTC,HOU,US-290 Northwest @ Little York,HOU-US290-LittleYork,images/HOU-US290-LittleYork/2026-05-21/HOU-US290-LittleYork_20260521_150941.jpg,24698,4006920aa2f601e7d761091eac45bdf8,captured,
2026-05-21 15:09:41 CT,2026-05-21 20:09:41 UTC,HOU,IH-10 Katy @ SH 6 (W),HOU-Katy-ML-SH6-W,images/HOU-Katy-ML-SH6-W/2026-05-21/HOU-Katy-ML-SH6-W_20260521_150941.jpg,24698,4006920aa2f601e7d761091eac45bdf8,captured,
2026-05-21 15:09:41 CT,2026-05-21 20:09:41 UTC,HOU,US-290 Northwest @ Cypress Rosehill,HOU-US290-CypressRosehill,images/HOU-US290-CypressRosehill/2026-05-21/HOU-US290-CypressRosehill_20260521_150941.jpg,24698,4006920aa2f601e7d761091eac45bdf8,captured,
2026-05-21 15:09:41 CT,2026-05-21 20:09:41 UTC,SAT,US 281 at Sprucewood,SAT-US281-Sprucewood,images/SAT-US281-Sprucewood/2026-05-21/SAT-US281-Sprucewood_20260521_150941.jpg,81155,be5fcf2325bd2efd9cd03f1a87ac6b43,captured,
2026-05-21 15:09:41 CT,2026-05-21 20:09:41 UTC,FTW,IH35W @ Golden Triangle,FTW-IH35W-GoldenTriangle,images/FTW-IH35W-GoldenTriangle/2026-05-21/FTW-IH35W-GoldenTriangle_20260521_150941.jpg,47562,b0d65d91b72e1b38e66fff8ba95ef76d,captured,
2026-05-21 15:14:41 CT,2026-05-21 20:14:41 UTC,DAL,IH35E @ Valley Ridge,DAL-IH35E-Valley-Ridge,images/DAL-IH35E-Valley-Ridge/2026-05-21/DAL-IH35E-Valley-Ridge_20260521_151441.jpg,230334,9af77af4653b740e6ec10ad51df759d4,captured,
2026-05-21 15:14:41 CT,2026-05-21 20:14:41 UTC,DAL,IH35E @ Valley Ridge North,DAL-IH35E-Valley-Ridge-North,images/DAL-IH35E-Valley-Ridge-North/2026-05-21/DAL-IH35E-Valley-Ridge-North_20260521_151441.jpg,230334,9af77af4653b740e6ec10ad51df759d4,captured,
2026-05-21 15:14:41 CT,2026-05-21 20:14:41 UTC,AUS,LP-1 @ Steck Ave,AUS-MoPac-Steck,images/AUS-MoPac-Steck/2026-05-21/AUS-MoPac-Steck_20260521_151441.jpg,36554,00af120377223c03a8589b5512625384,captured,
2026-05-21 15:14:41 CT,2026-05-21 20:14:41 UTC,HOU,US-290 Northwest @ Gessner (W),HOU-US290-Gessner-W,,0,,error,no image
2026-05-21 15:14:41 CT,2026-05-21 20:14:41 UTC,HOU,US-290 Northwest @ Little York,HOU-US290-LittleYork,images/HOU-US290-LittleYork/2026-05-21/HOU-US290-LittleYork_20260521_151441.jpg,24435,609ad912161154b4f706fe77af1d620f,captured,
2026-05-21 15:14:41 CT,2026-05-21 20:14:41 UTC,HOU,IH-10 Katy @ SH 6 (W),HOU-Katy-ML-SH6-W,images/HOU-Katy-ML-SH6-W/2026-05-21/HOU-Katy-ML-SH6-W_20260521_151441.jpg,24435,609ad912161154b4f706fe77af1d620f,captured,
2026-05-21 15:14:41 CT,2026-05-21 20:14:41 UTC,HOU,US-290 Northwest @ Cypress Rosehill,HOU-US290-CypressRosehill,images/HOU-US290-CypressRosehill/2026-05-21/HOU-US290-CypressRosehill_20260521_151441.jpg,24435,609ad912161154b4f706fe77af1d620f,captured,
2026-05-21 15:14:41 CT,2026-05-21 20:14:41 UTC,SAT,US 281 at Sprucewood,SAT-US281-Sprucewood,images/SAT-US281-Sprucewood/2026-05-21/SAT-US281-Sprucewood_20260521_151441.jpg,80204,ce38fb4276d8632760be2ec60b40cd88,captured,
2026-05-21 15:14:41 CT,2026-05-21 20:14:41 UTC,FTW,IH35W @ Golden Triangle,FTW-IH35W-GoldenTriangle,images/FTW-IH35W-GoldenTriangle/2026-05-21/FTW-IH35W-GoldenTriangle_20260521_151441.jpg,53333,efe626b67844ec2227cbc331a6c15486,captured,
2026-05-21 15:19:41 CT,2026-05-21 20:19:41 UTC,DAL,IH35E @ Valley Ridge,DAL-IH35E-Valley-Ridge,images/DAL-IH35E-Valley-Ridge/2026-05-21/DAL-IH35E-Valley-Ridge_20260521_151941.jpg,157344,30c697cddf82ae848e0b150d39ea83b6,captured,
2026-05-21 15:19:41 CT,2026-05-21 20:19:41 UTC,DAL,IH35E @ Valley Ridge North,DAL-IH35E-Valley-Ridge-North,images/DAL-IH35E-Valley-Ridge-North/2026-05-21/DAL-IH35E-Valley-Ridge-North_20260521_151941.jpg,157344,30c697cddf82ae848e0b150d39ea83b6,captured,
2026-05-21 15:19:41 CT,2026-05-21 20:19:41 UTC,AUS,LP-1 @ Steck Ave,AUS-MoPac-Steck,images/AUS-MoPac-Steck/2026-05-21/AUS-MoPac-Steck_20260521_151941.jpg,36408,c681455d4d3fa9752f082a37ad03d92a,captured,
2026-05-21 15:19:41 CT,2026-05-21 20:19:41 UTC,HOU,US-290 Northwest @ Gessner (W),HOU-US290-Gessner-W,,0,,error,no image
2026-05-21 15:19:41 CT,2026-05-21 20:19:41 UTC,HOU,US-290 Northwest @ Little York,HOU-US290-LittleYork,images/HOU-US290-LittleYork/2026-05-21/HOU-US290-LittleYork_20260521_151941.jpg,24765,07b12742670de60f23be4b9c37d40357,captured,
2026-05-21 15:19:41 CT,2026-05-21 20:19:41 UTC,HOU,IH-10 Katy @ SH 6 (W),HOU-Katy-ML-SH6-W,images/HOU-Katy-ML-SH6-W/2026-05-21/HOU-Katy-ML-SH6-W_20260521_151941.jpg,24765,07b12742670de60f23be4b9c37d40357,captured,
2026-05-21 15:19:41 CT,2026-05-21 20:19:41 UTC,HOU,US-290 Northwest @ Cypress Rosehill,HOU-US290-CypressRosehill,images/HOU-US290-CypressRosehill/2026-05-21/HOU-US290-CypressRosehill_20260521_151941.jpg,24765,07b12742670de60f23be4b9c37d40357,captured,
2026-05-21 15:19:41 CT,2026-05-21 20:19:41 UTC,SAT,US 281 at Sprucewood,SAT-US281-Sprucewood,images/SAT-US281-Sprucewood/2026-05-21/SAT-US281-Sprucewood_20260521_151941.jpg,80171,ee1a4e3de20c2d8ad641b59a0d140b52,captured,
2026-05-21 15:19:41 CT,2026-05-21 20:19:41 UTC,FTW,IH35W @ Golden Triangle,FTW-IH35W-GoldenTriangle,images/FTW-IH35W-GoldenTriangle/2026-05-21/FTW-IH35W-GoldenTriangle_20260521_151941.jpg,52643,3f711cb5b12333d4cfcf1772ffdf92fc,captured,
2026-05-21 15:24:41 CT,2026-05-21 20:24:41 UTC,DAL,IH35E @ Valley Ridge,DAL-IH35E-Valley-Ridge,images/DAL-IH35E-Valley-Ridge/2026-05-21/DAL-IH35E-Valley-Ridge_20260521_152441.jpg,191823,e32b9a3212b9ef9ca2caf099988519c7,captured,
2026-05-21 15:24:41 CT,2026-05-21 20:24:41 UTC,DAL,IH35E @ Valley Ridge North,DAL-IH35E-Valley-Ridge-North,images/DAL-IH35E-Valley-Ridge-North/2026-05-21/DAL-IH35E-Valley-Ridge-North_20260521_152441.jpg,191823,e32b9a3212b9ef9ca2caf099988519c7,captured,
2026-05-21 15:24:41 CT,2026-05-21 20:24:41 UTC,AUS,LP-1 @ Steck Ave,AUS-MoPac-Steck,images/AUS-MoPac-Steck/2026-05-21/AUS-MoPac-Steck_20260521_152441.jpg,37635,d7d2fdbfe5a99420fb945ef489488ab7,captured,
2026-05-21 15:24:41 CT,2026-05-21 20:24:41 UTC,HOU,US-290 Northwest @ Gessner (W),HOU-US290-Gessner-W,,0,,error,no image
2026-05-21 15:24:41 CT,2026-05-21 20:24:41 UTC,HOU,US-290 Northwest @ Little York,HOU-US290-LittleYork,images/HOU-US290-LittleYork/2026-05-21/HOU-US290-LittleYork_20260521_152441.jpg,23041,9fa0a0762ded6a65da14f229c22b2659,captured,
2026-05-21 15:24:41 CT,2026-05-21 20:24:41 UTC,HOU,IH-10 Katy @ SH 6 (W),HOU-Katy-ML-SH6-W,images/HOU-Katy-ML-SH6-W/2026-05-21/HOU-Katy-ML-SH6-W_20260521_152441.jpg,23041,9fa0a0762ded6a65da14f229c22b2659,captured,
2026-05-21 15:24:41 CT,2026-05-21 20:24:41 UTC,HOU,US-290 Northwest @ Cypress Rosehill,HOU-US290-CypressRosehill,images/HOU-US290-CypressRosehill/2026-05-21/HOU-US290-CypressRosehill_20260521_152441.jpg,23041,9fa0a0762ded6a65da14f229c22b2659,captured,
2026-05-21 15:24:41 CT,2026-05-21 20:24:41 UTC,SAT,US 281 at Sprucewood,SAT-US281-Sprucewood,images/SAT-US281-Sprucewood/2026-05-21/SAT-US281-Sprucewood_20260521_152441.jpg,80574,3a720a59efc9d1a5952e6337b0ccc9f1,captured,
2026-05-21 15:24:41 CT,2026-05-21 20:24:41 UTC,FTW,IH35W @ Golden Triangle,FTW-IH35W-GoldenTriangle,images/FTW-IH35W-GoldenTriangle/2026-05-21/FTW-IH35W-GoldenTriangle_20260521_152441.jpg,51815,55aab8fba6759f7fb92107c34b9754a7,captured,
2026-05-21 15:29:41 CT,2026-05-21 20:29:41 UTC,DAL,IH35E @ Valley Ridge,DAL-IH35E-Valley-Ridge,images/DAL-IH35E-Valley-Ridge/2026-05-21/DAL-IH35E-Valley-Ridge_20260521_152941.jpg,214052,e7094ca5f6eac20b93fd287e87ec6bff,captured,
2026-05-21 15:29:41 CT,2026-05-21 20:29:41 UTC,DAL,IH35E @ Valley Ridge North,DAL-IH35E-Valley-Ridge-North,images/DAL-IH35E-Valley-Ridge-North/2026-05-21/DAL-IH35E-Valley-Ridge-North_20260521_152941.jpg,214052,e7094ca5f6eac20b93fd287e87ec6bff,captured,
2026-05-21 15:29:41 CT,2026-05-21 20:29:41 UTC,AUS,LP-1 @ Steck Ave,AUS-MoPac-Steck,images/AUS-MoPac-Steck/2026-05-21/AUS-MoPac-Steck_20260521_152941.jpg,36441,eb1172838d90c0386a2212eecb099bee,captured,
2026-05-21 15:29:41 CT,2026-05-21 20:29:41 UTC,HOU,US-290 Northwest @ Gessner (W),HOU-US290-Gessner-W,,0,,error,no image
2026-05-21 15:29:41 CT,2026-05-21 20:29:41 UTC,HOU,US-290 Northwest @ Little York,HOU-US290-LittleYork,images/HOU-US290-LittleYork/2026-05-21/HOU-US290-LittleYork_20260521_152941.jpg,23421,a82c8405589deab6d5b66aa9189fab6d,captured,
2026-05-21 15:29:41 CT,2026-05-21 20:29:41 UTC,HOU,IH-10 Katy @ SH 6 (W),HOU-Katy-ML-SH6-W,images/HOU-Katy-ML-SH6-W/2026-05-21/HOU-Katy-ML-SH6-W_20260521_152941.jpg,23421,a82c8405589deab6d5b66aa9189fab6d,captured,
2026-05-21 15:29:41 CT,2026-05-21 20:29:41 UTC,HOU,US-290 Northwest @ Cypress Rosehill,HOU-US290-CypressRosehill,images/HOU-US290-CypressRosehill/2026-05-21/HOU-US290-CypressRosehill_20260521_152941.jpg,23421,a82c8405589deab6d5b66aa9189fab6d,captured,
2026-05-21 15:29:41 CT,2026-05-21 20:29:41 UTC,SAT,US 281 at Sprucewood,SAT-US281-Sprucewood,images/SAT-US281-Sprucewood/2026-05-21/SAT-US281-Sprucewood_20260521_152941.jpg,81474,8e5623a017ee8baba36951bee7ab6e4d,captured,
2026-05-21 15:29:41 CT,2026-05-21 20:29:41 UTC,FTW,IH35W @ Golden Triangle,FTW-IH35W-GoldenTriangle,images/FTW-IH35W-GoldenTriangle/2026-05-21/FTW-IH35W-GoldenTriangle_20260521_152941.jpg,47866,8a00411e24a4ed7bd6fdb205ba025be7,captured,
2026-05-21 15:34:41 CT,2026-05-21 20:34:41 UTC,DAL,IH35E @ Valley Ridge,DAL-IH35E-Valley-Ridge,images/DAL-IH35E-Valley-Ridge/2026-05-21/DAL-IH35E-Valley-Ridge_20260521_153441.jpg,213561,17e3229c6ee31960ed88e899848a6669,captured,
2026-05-21 15:34:41 CT,2026-05-21 20:34:41 UTC,DAL,IH35E @ Valley Ridge North,DAL-IH35E-Valley-Ridge-North,images/DAL-IH35E-Valley-Ridge-North/2026-05-21/DAL-IH35E-Valley-Ridge-North_20260521_153441.jpg,213561,17e3229c6ee31960ed88e899848a6669,captured,
2026-05-21 15:34:41 CT,2026-05-21 20:34:41 UTC,AUS,LP-1 @ Steck Ave,AUS-MoPac-Steck,images/AUS-MoPac-Steck/2026-05-21/AUS-MoPac-Steck_20260521_153441.jpg,35242,24880c786d7988cf694cc1b29c97c3de,captured,
2026-05-21 15:34:41 CT,2026-05-21 20:34:41 UTC,HOU,US-290 Northwest @ Gessner (W),HOU-US290-Gessner-W,,0,,error,no image
2026-05-21 15:34:41 CT,2026-05-21 20:34:41 UTC,HOU,US-290 Northwest @ Little York,HOU-US290-LittleYork,images/HOU-US290-LittleYork/2026-05-21/HOU-US290-LittleYork_20260521_153441.jpg,23568,9e616befaab0a9fa8857ae1901df098c,captured,
2026-05-21 15:34:41 CT,2026-05-21 20:34:41 UTC,HOU,IH-10 Katy @ SH 6 (W),HOU-Katy-ML-SH6-W,images/HOU-Katy-ML-SH6-W/2026-05-21/HOU-Katy-ML-SH6-W_20260521_153441.jpg,23568,9e616befaab0a9fa8857ae1901df098c,captured,
2026-05-21 15:34:41 CT,2026-05-21 20:34:41 UTC,HOU,US-290 Northwest @ Cypress Rosehill,HOU-US290-CypressRosehill,images/HOU-US290-CypressRosehill/2026-05-21/HOU-US290-CypressRosehill_20260521_153441.jpg,23568,9e616befaab0a9fa8857ae1901df098c,captured,
2026-05-21 15:34:41 CT,2026-05-21 20:34:41 UTC,SAT,US 281 at Sprucewood,SAT-US281-Sprucewood,images/SAT-US281-Sprucewood/2026-05-21/SAT-US281-Sprucewood_20260521_153441.jpg,80808,e6fa428fa9c2aa5d2df55abbbbb73160,captured,
2026-05-21 15:34:41 CT,2026-05-21 20:34:41 UTC,FTW,IH35W @ Golden Triangle,FTW-IH35W-GoldenTriangle,images/FTW-IH35W-GoldenTriangle/2026-05-21/FTW-IH35W-GoldenTriangle_20260521_153441.jpg,49379,b1290831c47b736ab81df018a8f46569,captured,
2026-05-21 15:39:41 CT,2026-05-21 20:39:41 UTC,DAL,IH35E @ Valley Ridge,DAL-IH35E-Valley-Ridge,images/DAL-IH35E-Valley-Ridge/2026-05-21/DAL-IH35E-Valley-Ridge_20260521_153941.jpg,219529,c1808b8fd80077f19c95bafcfa66080e,captured,
2026-05-21 15:39:41 CT,2026-05-21 20:39:41 UTC,DAL,IH35E @ Valley Ridge North,DAL-IH35E-Valley-Ridge-North,images/DAL-IH35E-Valley-Ridge-North/2026-05-21/DAL-IH35E-Valley-Ridge-North_20260521_153941.jpg,219529,c1808b8fd80077f19c95bafcfa66080e,captured,
2026-05-21 15:39:41 CT,2026-05-21 20:39:41 UTC,AUS,LP-1 @ Steck Ave,AUS-MoPac-Steck,images/AUS-MoPac-Steck/2026-05-21/AUS-MoPac-Steck_20260521_153941.jpg,37602,4be66819eafb9813092b2ac7988249b3,captured,
2026-05-21 15:39:41 CT,2026-05-21 20:39:41 UTC,HOU,US-290 Northwest @ Gessner (W),HOU-US290-Gessner-W,,0,,error,no image
2026-05-21 15:39:41 CT,2026-05-21 20:39:41 UTC,HOU,US-290 Northwest @ Little York,HOU-US290-LittleYork,images/HOU-US290-LittleYork/2026-05-21/HOU-US290-LittleYork_20260521_153941.jpg,24784,f83c77630a664f6f1cc1e973b4963f63,captured,
2026-05-21 15:39:41 CT,2026-05-21 20:39:41 UTC,HOU,IH-10 Katy @ SH 6 (W),HOU-Katy-ML-SH6-W,images/HOU-Katy-ML-SH6-W/2026-05-21/HOU-Katy-ML-SH6-W_20260521_153941.jpg,24784,f83c77630a664f6f1cc1e973b4963f63,captured,
2026-05-21 15:39:41 CT,2026-05-21 20:39:41 UTC,HOU,US-290 Northwest @ Cypress Rosehill,HOU-US290-CypressRosehill,images/HOU-US290-CypressRosehill/2026-05-21/HOU-US290-CypressRosehill_20260521_153941.jpg,24784,f83c77630a664f6f1cc1e973b4963f63,captured,
2026-05-21 15:39:41 CT,2026-05-21 20:39:41 UTC,SAT,US 281 at Sprucewood,SAT-US281-Sprucewood,images/SAT-US281-Sprucewood/2026-05-21/SAT-US281-Sprucewood_20260521_153941.jpg,79648,204ad777f3777ddefadcd38f1040d84d,captured,
2026-05-21 15:39:41 CT,2026-05-21 20:39:41 UTC,FTW,IH35W @ Golden Triangle,FTW-IH35W-GoldenTriangle,images/FTW-IH35W-GoldenTriangle/2026-05-21/FTW-IH35W-GoldenTriangle_20260521_153941.jpg,49177,32f91fc7e84c032d29a8648f19c89fa4,captured,
2026-05-21 15:44:41 CT,2026-05-21 20:44:41 UTC,DAL,IH35E @ Valley Ridge,DAL-IH35E-Valley-Ridge,images/DAL-IH35E-Valley-Ridge/2026-05-21/DAL-IH35E-Valley-Ridge_20260521_154441.jpg,214970,60707559a7c4c89105eeb2cd25e68da3,captured,
2026-05-21 15:44:41 CT,2026-05-21 20:44:41 UTC,DAL,IH35E @ Valley Ridge North,DAL-IH35E-Valley-Ridge-North,images/DAL-IH35E-Valley-Ridge-North/2026-05-21/DAL-IH35E-Valley-Ridge-North_20260521_154441.jpg,214970,60707559a7c4c89105eeb2cd25e68da3,captured,
2026-05-21 15:44:41 CT,2026-05-21 20:44:41 UTC,AUS,LP-1 @ Steck Ave,AUS-MoPac-Steck,images/AUS-MoPac-Steck/2026-05-21/AUS-MoPac-Steck_20260521_154441.jpg,35198,63592af435c09ba8c6a62beabfca3dc5,captured,
2026-05-21 15:44:41 CT,2026-05-21 20:44:41 UTC,HOU,US-290 Northwest @ Gessner (W),HOU-US290-Gessner-W,,0,,error,no image
2026-05-21 15:44:41 CT,2026-05-21 20:44:41 UTC,HOU,US-290 Northwest @ Little York,HOU-US290-LittleYork,images/HOU-US290-LittleYork/2026-05-21/HOU-US290-LittleYork_20260521_154441.jpg,24985,98dbe344b84d590f966b94be78638854,captured,
2026-05-21 15:44:41 CT,2026-05-21 20:44:41 UTC,HOU,IH-10 Katy @ SH 6 (W),HOU-Katy-ML-SH6-W,images/HOU-Katy-ML-SH6-W/2026-05-21/HOU-Katy-ML-SH6-W_20260521_154441.jpg,24985,98dbe344b84d590f966b94be78638854,captured,
2026-05-21 15:44:41 CT,2026-05-21 20:44:41 UTC,HOU,US-290 Northwest @ Cypress Rosehill,HOU-US290-CypressRosehill,images/HOU-US290-CypressRosehill/2026-05-21/HOU-US290-CypressRosehill_20260521_154441.jpg,24985,98dbe344b84d590f966b94be78638854,captured,
2026-05-21 15:44:41 CT,2026-05-21 20:44:41 UTC,SAT,US 281 at Sprucewood,SAT-US281-Sprucewood,images/SAT-US281-Sprucewood/2026-05-21/SAT-US281-Sprucewood_20260521_154441.jpg,80561,d7ca3219318e90ba20c4a8140cb8b210,captured,
2026-05-21 15:44:41 CT,2026-05-21 20:44:41 UTC,FTW,IH35W @ Golden Triangle,FTW-IH35W-GoldenTriangle,images/FTW-IH35W-GoldenTriangle/2026-05-21/FTW-IH35W-GoldenTriangle_20260521_154441.jpg,48857,fd772e812caea0a8a9bfa7e013b5fa62,captured,
2026-05-21 15:49:41 CT,2026-05-21 20:49:41 UTC,DAL,IH35E @ Valley Ridge,DAL-IH35E-Valley-Ridge,images/DAL-IH35E-Valley-Ridge/2026-05-21/DAL-IH35E-Valley-Ridge_20260521_154941.jpg,215531,71f4f88a1cdfb3583231d11da849ded7,captured,
2026-05-21 15:49:41 CT,2026-05-21 20:49:41 UTC,DAL,IH35E @ Valley Ridge North,DAL-IH35E-Valley-Ridge-North,images/DAL-IH35E-Valley-Ridge-North/2026-05-21/DAL-IH35E-Valley-Ridge-North_20260521_154941.jpg,215531,71f4f88a1cdfb3583231d11da849ded7,captured,
2026-05-21 15:49:41 CT,2026-05-21 20:49:41 UTC,AUS,LP-1 @ Steck Ave,AUS-MoPac-Steck,images/AUS-MoPac-Steck/2026-05-21/AUS-MoPac-Steck_20260521_154941.jpg,41714,0818eb11096a7b326120dc5988f26e21,captured,
2026-05-21 15:49:41 CT,2026-05-21 20:49:41 UTC,HOU,US-290 Northwest @ Gessner (W),HOU-US290-Gessner-W,,0,,error,no image
2026-05-21 15:49:41 CT,2026-05-21 20:49:41 UTC,HOU,US-290 Northwest @ Little York,HOU-US290-LittleYork,images/HOU-US290-LittleYork/2026-05-21/HOU-US290-LittleYork_20260521_154941.jpg,23363,3bdab9c5b521d43d000cca016e573669,captured,
2026-05-21 15:49:41 CT,2026-05-21 20:49:41 UTC,HOU,IH-10 Katy @ SH 6 (W),HOU-Katy-ML-SH6-W,images/HOU-Katy-ML-SH6-W/2026-05-21/HOU-Katy-ML-SH6-W_20260521_154941.jpg,23363,3bdab9c5b521d43d000cca016e573669,captured,
2026-05-21 15:49:41 CT,2026-05-21 20:49:41 UTC,HOU,US-290 Northwest @ Cypress Rosehill,HOU-US290-CypressRosehill,images/HOU-US290-CypressRosehill/2026-05-21/HOU-US290-CypressRosehill_20260521_154941.jpg,23363,3bdab9c5b521d43d000cca016e573669,captured,
2026-05-21 15:49:41 CT,2026-05-21 20:49:41 UTC,SAT,US 281 at Sprucewood,SAT-US281-Sprucewood,images/SAT-US281-Sprucewood/2026-05-21/SAT-US281-Sprucewood_20260521_154941.jpg,80995,b297a226722b483c6dc26620219a3f8f,captured,
2026-05-21 15:49:41 CT,2026-05-21 20:49:41 UTC,FTW,IH35W @ Golden Triangle,FTW-IH35W-GoldenTriangle,images/FTW-IH35W-GoldenTriangle/2026-05-21/FTW-IH35W-GoldenTriangle_20260521_154941.jpg,50194,a2b50d68fe6c56434e4e5df5ff12bef4,captured,
2026-05-21 15:54:41 CT,2026-05-21 20:54:41 UTC,DAL,IH35E @ Valley Ridge,DAL-IH35E-Valley-Ridge,images/DAL-IH35E-Valley-Ridge/2026-05-21/DAL-IH35E-Valley-Ridge_20260521_155441.jpg,208397,c9a73dbf028eea2518654918b258dbab,captured,
2026-05-21 15:54:41 CT,2026-05-21 20:54:41 UTC,DAL,IH35E @ Valley Ridge North,DAL-IH35E-Valley-Ridge-North,images/DAL-IH35E-Valley-Ridge-North/2026-05-21/DAL-IH35E-Valley-Ridge-North_20260521_155441.jpg,208397,c9a73dbf028eea2518654918b258dbab,captured,
2026-05-21 15:54:41 CT,2026-05-21 20:54:41 UTC,AUS,LP-1 @ Steck Ave,AUS-MoPac-Steck,images/AUS-MoPac-Steck/2026-05-21/AUS-MoPac-Steck_20260521_155441.jpg,41341,230f55eb921778e2e752bba479341f9f,captured,
2026-05-21 15:54:41 CT,2026-05-21 20:54:41 UTC,HOU,US-290 Northwest @ Gessner (W),HOU-US290-Gessner-W,,0,,error,no image
2026-05-21 15:54:41 CT,2026-05-21 20:54:41 UTC,HOU,US-290 Northwest @ Little York,HOU-US290-LittleYork,images/HOU-US290-LittleYork/2026-05-21/HOU-US290-LittleYork_20260521_155441.jpg,23405,9d8a6c43b5503606bc3e8aa5926922c3,captured,
2026-05-21 15:54:41 CT,2026-05-21 20:54:41 UTC,HOU,IH-10 Katy @ SH 6 (W),HOU-Katy-ML-SH6-W,images/HOU-Katy-ML-SH6-W/2026-05-21/HOU-Katy-ML-SH6-W_20260521_155441.jpg,23405,9d8a6c43b5503606bc3e8aa5926922c3,captured,
2026-05-21 15:54:41 CT,2026-05-21 20:54:41 UTC,HOU,US-290 Northwest @ Cypress Rosehill,HOU-US290-CypressRosehill,images/HOU-US290-CypressRosehill/2026-05-21/HOU-US290-CypressRosehill_20260521_155441.jpg,23405,9d8a6c43b5503606bc3e8aa5926922c3,captured,
2026-05-21 15:54:41 CT,2026-05-21 20:54:41 UTC,SAT,US 281 at Sprucewood,SAT-US281-Sprucewood,images/SAT-US281-Sprucewood/2026-05-21/SAT-US281-Sprucewood_20260521_155441.jpg,81286,6c8c16a0ea2365f7814dd4272537c5c1,captured,
2026-05-21 15:54:41 CT,2026-05-21 20:54:41 UTC,FTW,IH35W @ Golden Triangle,FTW-IH35W-GoldenTriangle,images/FTW-IH35W-GoldenTriangle/2026-05-21/FTW-IH35W-GoldenTriangle_20260521_155441.jpg,50418,b256644be97b2dfb429ce805509e91ef,captured,
2026-05-21 15:59:41 CT,2026-05-21 20:59:41 UTC,DAL,IH35E @ Valley Ridge,DAL-IH35E-Valley-Ridge,images/DAL-IH35E-Valley-Ridge/2026-05-21/DAL-IH35E-Valley-Ridge_20260521_155941.jpg,221156,582ffa0e2bf15b41d67a1bc15ff754d9,captured,
2026-05-21 15:59:41 CT,2026-05-21 20:59:41 UTC,DAL,IH35E @ Valley Ridge North,DAL-IH35E-Valley-Ridge-North,images/DAL-IH35E-Valley-Ridge-North/2026-05-21/DAL-IH35E-Valley-Ridge-North_20260521_155941.jpg,221156,582ffa0e2bf15b41d67a1bc15ff754d9,captured,
2026-05-21 15:59:41 CT,2026-05-21 20:59:41 UTC,AUS,LP-1 @ Steck Ave,AUS-MoPac-Steck,images/AUS-MoPac-Steck/2026-05-21/AUS-MoPac-Steck_20260521_155941.jpg,45082,c415bcc245632f9eebf152f5685631fc,captured,
2026-05-21 15:59:41 CT,2026-05-21 20:59:41 UTC,HOU,US-290 Northwest @ Gessner (W),HOU-US290-Gessner-W,,0,,error,no image
2026-05-21 15:59:41 CT,2026-05-21 20:59:41 UTC,HOU,US-290 Northwest @ Little York,HOU-US290-LittleYork,images/HOU-US290-LittleYork/2026-05-21/HOU-US290-LittleYork_20260521_155941.jpg,22861,8dd0d88bc61c3ff56271c110e7eb6558,captured,
2026-05-21 15:59:41 CT,2026-05-21 20:59:41 UTC,HOU,IH-10 Katy @ SH 6 (W),HOU-Katy-ML-SH6-W,images/HOU-Katy-ML-SH6-W/2026-05-21/HOU-Katy-ML-SH6-W_20260521_155941.jpg,22861,8dd0d88bc61c3ff56271c110e7eb6558,captured,
2026-05-21 15:59:41 CT,2026-05-21 20:59:41 UTC,HOU,US-290 Northwest @ Cypress Rosehill,HOU-US290-CypressRosehill,images/HOU-US290-CypressRosehill/2026-05-21/HOU-US290-CypressRosehill_20260521_155941.jpg,22861,8dd0d88bc61c3ff56271c110e7eb6558,captured,
2026-05-21 15:59:41 CT,2026-05-21 20:59:41 UTC,SAT,US 281 at Sprucewood,SAT-US281-Sprucewood,images/SAT-US281-Sprucewood/2026-05-21/SAT-US281-Sprucewood_20260521_155941.jpg,81205,d6114d007e1b9d3843c45f7e3394c59c,captured,
2026-05-21 15:59:41 CT,2026-05-21 20:59:41 UTC,FTW,IH35W @ Golden Triangle,FTW-IH35W-GoldenTriangle,images/FTW-IH35W-GoldenTriangle/2026-05-21/FTW-IH35W-GoldenTriangle_20260521_155941.jpg,49943,a4320409521fe7db09d1c62c172a954e,captured,
2026-05-21 16:04:41 CT,2026-05-21 21:04:41 UTC,DAL,IH35E @ Valley Ridge,DAL-IH35E-Valley-Ridge,images/DAL-IH35E-Valley-Ridge/2026-05-21/DAL-IH35E-Valley-Ridge_20260521_160441.jpg,221984,aac4d62daeea009acc8e83f1e8996adb,captured,
2026-05-21 16:04:41 CT,2026-05-21 21:04:41 UTC,DAL,IH35E @ Valley Ridge North,DAL-IH35E-Valley-Ridge-North,images/DAL-IH35E-Valley-Ridge-North/2026-05-21/DAL-IH35E-Valley-Ridge-North_20260521_160441.jpg,221984,aac4d62daeea009acc8e83f1e8996adb,captured,
2026-05-21 16:04:41 CT,2026-05-21 21:04:41 UTC,AUS,LP-1 @ Steck Ave,AUS-MoPac-Steck,images/AUS-MoPac-Steck/2026-05-21/AUS-MoPac-Steck_20260521_160441.jpg,41395,9b71e10de74b2fa00cd1f408d037dd95,captured,
2026-05-21 16:04:41 CT,2026-05-21 21:04:41 UTC,HOU,US-290 Northwest @ Gessner (W),HOU-US290-Gessner-W,,0,,error,no image
2026-05-21 16:04:41 CT,2026-05-21 21:04:41 UTC,HOU,US-290 Northwest @ Little York,HOU-US290-LittleYork,images/HOU-US290-LittleYork/2026-05-21/HOU-US290-LittleYork_20260521_160441.jpg,25284,2eb9edad4d1b4fd57fd7fb03149ade69,captured,
2026-05-21 16:04:41 CT,2026-05-21 21:04:41 UTC,HOU,IH-10 Katy @ SH 6 (W),HOU-Katy-ML-SH6-W,images/HOU-Katy-ML-SH6-W/2026-05-21/HOU-Katy-ML-SH6-W_20260521_160441.jpg,25284,2eb9edad4d1b4fd57fd7fb03149ade69,captured,
2026-05-21 16:04:41 CT,2026-05-21 21:04:41 UTC,HOU,US-290 Northwest @ Cypress Rosehill,HOU-US290-CypressRosehill,images/HOU-US290-CypressRosehill/2026-05-21/HOU-US290-CypressRosehill_20260521_160441.jpg,25284,2eb9edad4d1b4fd57fd7fb03149ade69,captured,
2026-05-21 16:04:41 CT,2026-05-21 21:04:41 UTC,SAT,US 281 at Sprucewood,SAT-US281-Sprucewood,images/SAT-US281-Sprucewood/2026-05-21/SAT-US281-Sprucewood_20260521_160441.jpg,82481,7cf9e79c8c176facdc7739d170331cfd,captured,
2026-05-21 16:04:41 CT,2026-05-21 21:04:41 UTC,FTW,IH35W @ Golden Triangle,FTW-IH35W-GoldenTriangle,images/FTW-IH35W-GoldenTriangle/2026-05-21/FTW-IH35W-GoldenTriangle_20260521_160441.jpg,52336,f62a9ca625c2a029056edec03ed0a0f2,captured,
2026-05-21 16:09:41 CT,2026-05-21 21:09:41 UTC,DAL,IH35E @ Valley Ridge,DAL-IH35E-Valley-Ridge,images/DAL-IH35E-Valley-Ridge/2026-05-21/DAL-IH35E-Valley-Ridge_20260521_160941.jpg,213893,a288c9699f94509129137d95183628b4,captured,
2026-05-21 16:09:41 CT,2026-05-21 21:09:41 UTC,DAL,IH35E @ Valley Ridge North,DAL-IH35E-Valley-Ridge-North,images/DAL-IH35E-Valley-Ridge-North/2026-05-21/DAL-IH35E-Valley-Ridge-North_20260521_160941.jpg,213893,a288c9699f94509129137d95183628b4,captured,
2026-05-21 16:09:41 CT,2026-05-21 21:09:41 UTC,AUS,LP-1 @ Steck Ave,AUS-MoPac-Steck,images/AUS-MoPac-Steck/2026-05-21/AUS-MoPac-Steck_20260521_160941.jpg,42924,4bf143a7b2e7b7c4d5791156035d697e,captured,
2026-05-21 16:09:41 CT,2026-05-21 21:09:41 UTC,HOU,US-290 Northwest @ Gessner (W),HOU-US290-Gessner-W,,0,,error,no image
2026-05-21 16:09:41 CT,2026-05-21 21:09:41 UTC,HOU,US-290 Northwest @ Little York,HOU-US290-LittleYork,images/HOU-US290-LittleYork/2026-05-21/HOU-US290-LittleYork_20260521_160941.jpg,25406,84e4686733fc61f13cf8cbb868fd2b83,captured,
2026-05-21 16:09:41 CT,2026-05-21 21:09:41 UTC,HOU,IH-10 Katy @ SH 6 (W),HOU-Katy-ML-SH6-W,images/HOU-Katy-ML-SH6-W/2026-05-21/HOU-Katy-ML-SH6-W_20260521_160941.jpg,25406,84e4686733fc61f13cf8cbb868fd2b83,captured,
2026-05-21 16:09:41 CT,2026-05-21 21:09:41 UTC,HOU,US-290 Northwest @ Cypress Rosehill,HOU-US290-CypressRosehill,images/HOU-US290-CypressRosehill/2026-05-21/HOU-US290-CypressRosehill_20260521_160941.jpg,25406,84e4686733fc61f13cf8cbb868fd2b83,captured,
2026-05-21 16:09:41 CT,2026-05-21 21:09:41 UTC,SAT,US 281 at Sprucewood,SAT-US281-Sprucewood,images/SAT-US281-Sprucewood/2026-05-21/SAT-US281-Sprucewood_20260521_160941.jpg,85966,c6bb607caec39eb021a0ca1e40d3327f,captured,
2026-05-21 16:09:41 CT,2026-05-21 21:09:41 UTC,FTW,IH35W @ Golden Triangle,FTW-IH35W-GoldenTriangle,images/FTW-IH35W-GoldenTriangle/2026-05-21/FTW-IH35W-GoldenTriangle_20260521_160941.jpg,52603,184289e5500ec49eb3f4ad80c66b8c85,captured,
2026-05-21 16:14:41 CT,2026-05-21 21:14:41 UTC,DAL,IH35E @ Valley Ridge,DAL-IH35E-Valley-Ridge,images/DAL-IH35E-Valley-Ridge/2026-05-21/DAL-IH35E-Valley-Ridge_20260521_161441.jpg,217743,c750d3f49ce3327f21d298c1e5f75214,captured,
2026-05-21 16:14:41 CT,2026-05-21 21:14:41 UTC,DAL,IH35E @ Valley Ridge North,DAL-IH35E-Valley-Ridge-North,images/DAL-IH35E-Valley-Ridge-North/2026-05-21/DAL-IH35E-Valley-Ridge-North_20260521_161441.jpg,217743,c750d3f49ce3327f21d298c1e5f75214,captured,
2026-05-21 16:14:41 CT,2026-05-21 21:14:41 UTC,AUS,LP-1 @ Steck Ave,AUS-MoPac-Steck,images/AUS-MoPac-Steck/2026-05-21/AUS-MoPac-Steck_20260521_161441.jpg,43065,a75ab57f4f01ef604fe919c678be32b8,captured,
2026-05-21 16:14:41 CT,2026-05-21 21:14:41 UTC,HOU,US-290 Northwest @ Gessner (W),HOU-US290-Gessner-W,,0,,error,no image
2026-05-21 16:14:41 CT,2026-05-21 21:14:41 UTC,HOU,US-290 Northwest @ Little York,HOU-US290-LittleYork,images/HOU-US290-LittleYork/2026-05-21/HOU-US290-LittleYork_20260521_161441.jpg,25953,c446c871a687675e22ead1175af89595,captured,
2026-05-21 16:14:41 CT,2026-05-21 21:14:41 UTC,HOU,IH-10 Katy @ SH 6 (W),HOU-Katy-ML-SH6-W,images/HOU-Katy-ML-SH6-W/2026-05-21/HOU-Katy-ML-SH6-W_20260521_161441.jpg,25953,c446c871a687675e22ead1175af89595,captured,
2026-05-21 16:14:41 CT,2026-05-21 21:14:41 UTC,HOU,US-290 Northwest @ Cypress Rosehill,HOU-US290-CypressRosehill,images/HOU-US290-CypressRosehill/2026-05-21/HOU-US290-CypressRosehill_20260521_161441.jpg,25953,c446c871a687675e22ead1175af89595,captured,
2026-05-21 16:14:41 CT,2026-05-21 21:14:41 UTC,SAT,US 281 at Sprucewood,SAT-US281-Sprucewood,images/SAT-US281-Sprucewood/2026-05-21/SAT-US281-Sprucewood_20260521_161441.jpg,81918,e870277d2aae513963981a32c1a6cc81,captured,
2026-05-21 16:14:41 CT,2026-05-21 21:14:41 UTC,FTW,IH35W @ Golden Triangle,FTW-IH35W-GoldenTriangle,images/FTW-IH35W-GoldenTriangle/2026-05-21/FTW-IH35W-GoldenTriangle_20260521_161441.jpg,53532,06c2d914aa394e4a532d2026ed9fde46,captured,
2026-05-21 16:19:41 CT,2026-05-21 21:19:41 UTC,DAL,IH35E @ Valley Ridge,DAL-IH35E-Valley-Ridge,images/DAL-IH35E-Valley-Ridge/2026-05-21/DAL-IH35E-Valley-Ridge_20260521_161941.jpg,215724,c6f5e3dbff08eb40fc0f3c6b3ef07283,captured,
2026-05-21 16:19:41 CT,2026-05-21 21:19:41 UTC,DAL,IH35E @ Valley Ridge North,DAL-IH35E-Valley-Ridge-North,images/DAL-IH35E-Valley-Ridge-North/2026-05-21/DAL-IH35E-Valley-Ridge-North_20260521_161941.jpg,215724,c6f5e3dbff08eb40fc0f3c6b3ef07283,captured,
2026-05-21 16:19:41 CT,2026-05-21 21:19:41 UTC,AUS,LP-1 @ Steck Ave,AUS-MoPac-Steck,images/AUS-MoPac-Steck/2026-05-21/AUS-MoPac-Steck_20260521_161941.jpg,32960,3629b1d6580df5a1dd05770f899ff302,captured,
2026-05-21 16:19:41 CT,2026-05-21 21:19:41 UTC,HOU,US-290 Northwest @ Gessner (W),HOU-US290-Gessner-W,,0,,error,no image
2026-05-21 16:19:41 CT,2026-05-21 21:19:41 UTC,HOU,US-290 Northwest @ Little York,HOU-US290-LittleYork,images/HOU-US290-LittleYork/2026-05-21/HOU-US290-LittleYork_20260521_161941.jpg,25183,fd1875ed289f429e6a7ad7bbe2446c50,captured,
2026-05-21 16:19:41 CT,2026-05-21 21:19:41 UTC,HOU,IH-10 Katy @ SH 6 (W),HOU-Katy-ML-SH6-W,images/HOU-Katy-ML-SH6-W/2026-05-21/HOU-Katy-ML-SH6-W_20260521_161941.jpg,25183,fd1875ed289f429e6a7ad7bbe2446c50,captured,
2026-05-21 16:19:41 CT,2026-05-21 21:19:41 UTC,HOU,US-290 Northwest @ Cypress Rosehill,HOU-US290-CypressRosehill,images/HOU-US290-CypressRosehill/2026-05-21/HOU-US290-CypressRosehill_20260521_161941.jpg,25183,fd1875ed289f429e6a7ad7bbe2446c50,captured,
2026-05-21 16:19:41 CT,2026-05-21 21:19:41 UTC,SAT,US 281 at Sprucewood,SAT-US281-Sprucewood,images/SAT-US281-Sprucewood/2026-05-21/SAT-US281-Sprucewood_20260521_161941.jpg,83649,3c3cd56f5428cd5a0f5edae156903db8,captured,
2026-05-21 16:19:41 CT,2026-05-21 21:19:41 UTC,FTW,IH35W @ Golden Triangle,FTW-IH35W-GoldenTriangle,images/FTW-IH35W-GoldenTriangle/2026-05-21/FTW-IH35W-GoldenTriangle_20260521_161941.jpg,53729,f7cb2160d14dc989a76ccba3d9fba100,captured,
2026-05-21 16:24:41 CT,2026-05-21 21:24:41 UTC,DAL,IH35E @ Valley Ridge,DAL-IH35E-Valley-Ridge,images/DAL-IH35E-Valley-Ridge/2026-05-21/DAL-IH35E-Valley-Ridge_20260521_162441.jpg,217908,9e421f4063f5b245a2e845da5b7dc7e9,captured,
2026-05-21 16:24:41 CT,2026-05-21 21:24:41 UTC,DAL,IH35E @ Valley Ridge North,DAL-IH35E-Valley-Ridge-North,images/DAL-IH35E-Valley-Ridge-North/2026-05-21/DAL-IH35E-Valley-Ridge-North_20260521_162441.jpg,217908,9e421f4063f5b245a2e845da5b7dc7e9,captured,
2026-05-21 16:24:41 CT,2026-05-21 21:24:41 UTC,AUS,LP-1 @ Steck Ave,AUS-MoPac-Steck,images/AUS-MoPac-Steck/2026-05-21/AUS-MoPac-Steck_20260521_162441.jpg,30143,dd189823d7086e33b5341d609a5a24f5,captured,
2026-05-21 16:24:41 CT,2026-05-21 21:24:41 UTC,HOU,US-290 Northwest @ Gessner (W),HOU-US290-Gessner-W,,0,,error,no image
2026-05-21 16:24:41 CT,2026-05-21 21:24:41 UTC,HOU,US-290 Northwest @ Little York,HOU-US290-LittleYork,images/HOU-US290-LittleYork/2026-05-21/HOU-US290-LittleYork_20260521_162441.jpg,25148,a76a9323ab5543101a07ba0f85db23aa,captured,
2026-05-21 16:24:41 CT,2026-05-21 21:24:41 UTC,HOU,IH-10 Katy @ SH 6 (W),HOU-Katy-ML-SH6-W,images/HOU-Katy-ML-SH6-W/2026-05-21/HOU-Katy-ML-SH6-W_20260521_162441.jpg,25148,a76a9323ab5543101a07ba0f85db23aa,captured,
2026-05-21 16:24:41 CT,2026-05-21 21:24:41 UTC,HOU,US-290 Northwest @ Cypress Rosehill,HOU-US290-CypressRosehill,images/HOU-US290-CypressRosehill/2026-05-21/HOU-US290-CypressRosehill_20260521_162441.jpg,25148,a76a9323ab5543101a07ba0f85db23aa,captured,
2026-05-21 16:24:41 CT,2026-05-21 21:24:41 UTC,SAT,US 281 at Sprucewood,SAT-US281-Sprucewood,images/SAT-US281-Sprucewood/2026-05-21/SAT-US281-Sprucewood_20260521_162441.jpg,82650,a704afb62eaf5eedc6f023c4ebf6dc67,captured,
2026-05-21 16:24:41 CT,2026-05-21 21:24:41 UTC,FTW,IH35W @ Golden Triangle,FTW-IH35W-GoldenTriangle,images/FTW-IH35W-GoldenTriangle/2026-05-21/FTW-IH35W-GoldenTriangle_20260521_162441.jpg,53210,5632cb9d73e7e95bb735ea8715ee894b,captured,
2026-05-21 16:29:41 CT,2026-05-21 21:29:41 UTC,DAL,IH35E @ Valley Ridge,DAL-IH35E-Valley-Ridge,images/DAL-IH35E-Valley-Ridge/2026-05-21/DAL-IH35E-Valley-Ridge_20260521_162941.jpg,218241,0b4db82eac73c672a2a994ab5b20c0fd,captured,
2026-05-21 16:29:41 CT,2026-05-21 21:29:41 UTC,DAL,IH35E @ Valley Ridge North,DAL-IH35E-Valley-Ridge-North,images/DAL-IH35E-Valley-Ridge-North/2026-05-21/DAL-IH35E-Valley-Ridge-North_20260521_162941.jpg,218241,0b4db82eac73c672a2a994ab5b20c0fd,captured,
2026-05-21 16:29:41 CT,2026-05-21 21:29:41 UTC,AUS,LP-1 @ Steck Ave,AUS-MoPac-Steck,images/AUS-MoPac-Steck/2026-05-21/AUS-MoPac-Steck_20260521_162941.jpg,40437,1d57fca38d399381dfa92df0b9f41feb,captured,
2026-05-21 16:29:41 CT,2026-05-21 21:29:41 UTC,HOU,US-290 Northwest @ Gessner (W),HOU-US290-Gessner-W,,0,,error,no image
2026-05-21 16:29:41 CT,2026-05-21 21:29:41 UTC,HOU,US-290 Northwest @ Little York,HOU-US290-LittleYork,images/HOU-US290-LittleYork/2026-05-21/HOU-US290-LittleYork_20260521_162941.jpg,25227,29e35064cd7394cf018ce831d2ae4f32,captured,
2026-05-21 16:29:41 CT,2026-05-21 21:29:41 UTC,HOU,IH-10 Katy @ SH 6 (W),HOU-Katy-ML-SH6-W,images/HOU-Katy-ML-SH6-W/2026-05-21/HOU-Katy-ML-SH6-W_20260521_162941.jpg,25227,29e35064cd7394cf018ce831d2ae4f32,captured,
2026-05-21 16:29:41 CT,2026-05-21 21:29:41 UTC,HOU,US-290 Northwest @ Cypress Rosehill,HOU-US290-CypressRosehill,images/HOU-US290-CypressRosehill/2026-05-21/HOU-US290-CypressRosehill_20260521_162941.jpg,25227,29e35064cd7394cf018ce831d2ae4f32,captured,
2026-05-21 16:29:41 CT,2026-05-21 21:29:41 UTC,SAT,US 281 at Sprucewood,SAT-US281-Sprucewood,images/SAT-US281-Sprucewood/2026-05-21/SAT-US281-Sprucewood_20260521_162941.jpg,80554,d45e57001eb3b7c8ccabb96f991046ab,captured,
2026-05-21 16:29:41 CT,2026-05-21 21:29:41 UTC,FTW,IH35W @ Golden Triangle,FTW-IH35W-GoldenTriangle,images/FTW-IH35W-GoldenTriangle/2026-05-21/FTW-IH35W-GoldenTriangle_20260521_162941.jpg,56182,4745fbd2e71cffb84d4b8f3e8773ac28,captured,
2026-05-21 16:46:23 CT,2026-05-21 21:46:23 UTC,DAL,IH35E @ Valley Ridge,DAL-IH35E-Valley-Ridge,images/DAL-IH35E-Valley-Ridge/2026-05-21/DAL-IH35E-Valley-Ridge_20260521_164623.jpg,213041,fb69698912c179d59e6d284780bb4dfa,captured,
2026-05-21 16:51:23 CT,2026-05-21 21:51:23 UTC,DAL,IH35E @ Valley Ridge,DAL-IH35E-Valley-Ridge,images/DAL-IH35E-Valley-Ridge/2026-05-21/DAL-IH35E-Valley-Ridge_20260521_165123.jpg,213319,5da4577b4f39789660aa58d847441d4a,captured,
2026-05-21 16:56:23 CT,2026-05-21 21:56:23 UTC,DAL,IH35E @ Valley Ridge,DAL-IH35E-Valley-Ridge,images/DAL-IH35E-Valley-Ridge/2026-05-21/DAL-IH35E-Valley-Ridge_20260521_165623.jpg,212275,7dbd1ccefdc5ecbd034c6455a22df486,captured,
2026-05-21 17:01:23 CT,2026-05-21 22:01:23 UTC,DAL,IH35E @ Valley Ridge,DAL-IH35E-Valley-Ridge,images/DAL-IH35E-Valley-Ridge/2026-05-21/DAL-IH35E-Valley-Ridge_20260521_170123.jpg,209320,efa2ca86c99a4d2bc04d71a4138561c8,captured,
2026-05-21 17:06:23 CT,2026-05-21 22:06:23 UTC,DAL,IH35E @ Valley Ridge,DAL-IH35E-Valley-Ridge,images/DAL-IH35E-Valley-Ridge/2026-05-21/DAL-IH35E-Valley-Ridge_20260521_170623.jpg,215135,b3632fb3687b4348f1ef233b74f6d2bb,captured,
2026-05-21 17:11:23 CT,2026-05-21 22:11:23 UTC,DAL,IH35E @ Valley Ridge,DAL-IH35E-Valley-Ridge,images/DAL-IH35E-Valley-Ridge/2026-05-21/DAL-IH35E-Valley-Ridge_20260521_171123.jpg,213953,f88e7c46608c9fee2aa3cc972f5bd1ec,captured,
2026-05-21 17:16:23 CT,2026-05-21 22:16:23 UTC,DAL,IH35E @ Valley Ridge,DAL-IH35E-Valley-Ridge,images/DAL-IH35E-Valley-Ridge/2026-05-21/DAL-IH35E-Valley-Ridge_20260521_171623.jpg,210267,5755f51a55c430704854563785b4fbd9,captured,
2026-05-21 17:21:23 CT,2026-05-21 22:21:23 UTC,DAL,IH35E @ Valley Ridge,DAL-IH35E-Valley-Ridge,images/DAL-IH35E-Valley-Ridge/2026-05-21/DAL-IH35E-Valley-Ridge_20260521_172123.jpg,208474,23353b59627fd2bebc0d786fc51a0294,captured,
2026-05-21 17:26:23 CT,2026-05-21 22:26:23 UTC,DAL,IH35E @ Valley Ridge,DAL-IH35E-Valley-Ridge,images/DAL-IH35E-Valley-Ridge/2026-05-21/DAL-IH35E-Valley-Ridge_20260521_172623.jpg,210886,a22eb424493e5d71503f7fe5645e8c73,captured,
2026-05-21 17:31:23 CT,2026-05-21 22:31:23 UTC,DAL,IH35E @ Valley Ridge,DAL-IH35E-Valley-Ridge,images/DAL-IH35E-Valley-Ridge/2026-05-21/DAL-IH35E-Valley-Ridge_20260521_173123.jpg,210594,68e3ac54557a7e6006a8f81716a506b7,captured,
2026-05-21 17:36:23 CT,2026-05-21 22:36:23 UTC,DAL,IH35E @ Valley Ridge,DAL-IH35E-Valley-Ridge,images/DAL-IH35E-Valley-Ridge/2026-05-21/DAL-IH35E-Valley-Ridge_20260521_173623.jpg,208797,befa4cea5911ff3a2e0cfbfb57cf3e71,captured,
2026-05-21 17:41:23 CT,2026-05-21 22:41:23 UTC,DAL,IH35E @ Valley Ridge,DAL-IH35E-Valley-Ridge,images/DAL-IH35E-Valley-Ridge/2026-05-21/DAL-IH35E-Valley-Ridge_20260521_174123.jpg,211872,e0a0c2f33337e7316609c1198ffdd130,captured,
2026-05-21 17:46:23 CT,2026-05-21 22:46:23 UTC,DAL,IH35E @ Valley Ridge,DAL-IH35E-Valley-Ridge,images/DAL-IH35E-Valley-Ridge/2026-05-21/DAL-IH35E-Valley-Ridge_20260521_174623.jpg,204618,0ca690347c61c9fa11d9453b236131ef,captured,
2026-05-21 17:51:23 CT,2026-05-21 22:51:23 UTC,DAL,IH35E @ Valley Ridge,DAL-IH35E-Valley-Ridge,images/DAL-IH35E-Valley-Ridge/2026-05-21/DAL-IH35E-Valley-Ridge_20260521_175123.jpg,165421,2728747623c280ecbc46147ce3e91fbb,captured,
2026-05-21 17:56:23 CT,2026-05-21 22:56:23 UTC,DAL,IH35E @ Valley Ridge,DAL-IH35E-Valley-Ridge,images/DAL-IH35E-Valley-Ridge/2026-05-21/DAL-IH35E-Valley-Ridge_20260521_175623.jpg,182894,f377b65539561d08272374c685516f5d,captured,
2026-05-21 18:01:23 CT,2026-05-21 23:01:23 UTC,DAL,IH35E @ Valley Ridge,DAL-IH35E-Valley-Ridge,images/DAL-IH35E-Valley-Ridge/2026-05-21/DAL-IH35E-Valley-Ridge_20260521_180123.jpg,190930,41bc57715b19c2622d8cf0e72ad9eba3,captured,
2026-05-21 18:06:23 CT,2026-05-21 23:06:23 UTC,DAL,IH35E @ Valley Ridge,DAL-IH35E-Valley-Ridge,images/DAL-IH35E-Valley-Ridge/2026-05-21/DAL-IH35E-Valley-Ridge_20260521_180623.jpg,185736,e5f5da6a5d7d46ddb1542658522439f0,captured,
2026-05-21 18:11:23 CT,2026-05-21 23:11:23 UTC,DAL,IH35E @ Valley Ridge,DAL-IH35E-Valley-Ridge,images/DAL-IH35E-Valley-Ridge/2026-05-21/DAL-IH35E-Valley-Ridge_20260521_181123.jpg,183363,edf15d3d5792b697c549f4d7b83378d7,captured,
2026-05-21 18:16:23 CT,2026-05-21 23:16:23 UTC,DAL,IH35E @ Valley Ridge,DAL-IH35E-Valley-Ridge,images/DAL-IH35E-Valley-Ridge/2026-05-21/DAL-IH35E-Valley-Ridge_20260521_181623.jpg,195177,f37512da02bebdb37e4b43116d05c19e,captured,
2026-05-21 18:21:23 CT,2026-05-21 23:21:23 UTC,DAL,IH35E @ Valley Ridge,DAL-IH35E-Valley-Ridge,images/DAL-IH35E-Valley-Ridge/2026-05-21/DAL-IH35E-Valley-Ridge_20260521_182123.jpg,185957,c819f5b754d5879fe36636971ea10d34,captured,
2026-05-21 18:26:23 CT,2026-05-21 23:26:23 UTC,DAL,IH35E @ Valley Ridge,DAL-IH35E-Valley-Ridge,images/DAL-IH35E-Valley-Ridge/2026-05-21/DAL-IH35E-Valley-Ridge_20260521_182623.jpg,196851,aa6109dc7859f73b37ec1ce80c736e6a,captured,
2026-05-21 18:31:23 CT,2026-05-21 23:31:23 UTC,DAL,IH35E @ Valley Ridge,DAL-IH35E-Valley-Ridge,images/DAL-IH35E-Valley-Ridge/2026-05-21/DAL-IH35E-Valley-Ridge_20260521_183123.jpg,196271,e09af420e01155a2dcab088d446e25e0,captured,
2026-05-21 18:36:23 CT,2026-05-21 23:36:23 UTC,DAL,IH35E @ Valley Ridge,DAL-IH35E-Valley-Ridge,images/DAL-IH35E-Valley-Ridge/2026-05-21/DAL-IH35E-Valley-Ridge_20260521_183623.jpg,209710,51954c20c57bfb77158a16686c02ae5f,captured,
2026-05-21 18:41:23 CT,2026-05-21 23:41:23 UTC,DAL,IH35E @ Valley Ridge,DAL-IH35E-Valley-Ridge,images/DAL-IH35E-Valley-Ridge/2026-05-21/DAL-IH35E-Valley-Ridge_20260521_184123.jpg,212515,e3ae2c324019bdacac7c0de03481f273,captured,
2026-05-21 18:46:23 CT,2026-05-21 23:46:23 UTC,DAL,IH35E @ Valley Ridge,DAL-IH35E-Valley-Ridge,images/DAL-IH35E-Valley-Ridge/2026-05-21/DAL-IH35E-Valley-Ridge_20260521_184623.jpg,210117,3adfc8b91f2a9cf17ef4a30c8c97a2cb,captured,
2026-05-21 18:51:23 CT,2026-05-21 23:51:23 UTC,DAL,IH35E @ Valley Ridge,DAL-IH35E-Valley-Ridge,images/DAL-IH35E-Valley-Ridge/2026-05-21/DAL-IH35E-Valley-Ridge_20260521_185123.jpg,208782,e3a607c3ed93ca72913cc775ec24892e,captured,
2026-05-21 18:56:23 CT,2026-05-21 23:56:23 UTC,DAL,IH35E @ Valley Ridge,DAL-IH35E-Valley-Ridge,images/DAL-IH35E-Valley-Ridge/2026-05-21/DAL-IH35E-Valley-Ridge_20260521_185623.jpg,210997,f92e5b3115829bea6c311ee2bc387559,captured,
